0.0,0,0.5,0
0.01,0.09800665778412417,0.5009800665778412,0.09800665778412417
0.02,0.17933202482815905,0.5027733868261228,0.09210609940028852
0.03,0.24115899701018817,0.5051849767962248,0.08253356149096783
0.04,0.2815287914476612,0.5080002647107014,0.06967067093471654
0.05,0.2994058781790077,0.5109943234924914,0.05403023058681397
0.06,0.2947067423162829,0.5139413909156543,0.03623577544766734
0.07,0.2682913914590244,0.5166243048302445,0.01699671429002408
0.08,0.22191799525274863,0.518843484782772,-0.0029199522301288816
0.09,0.15816250147539312,0.5204251097975259,-0.02272020946930871
0.1,0.08030645787561372,0.521228174376282,-0.04161468365471424
0.11,-0.007802474013764202,0.5211501496361444,-0.05885011172553459
0.12,-0.10191174780265672,0.5201310321581178,-0.07373937155412458
0.13,-0.19754048051740364,0.5181556273529438,-0.08568887533689473
0.14,-0.29016429388547293,0.5152539844140891,-0.09422223406686583
0.15,-0.3754010985710593,0.5114999734283785,-0.09899924966004454
0.16,-0.4491904397218072,0.5070080690311605,-0.09982947757947531
0.17,-0.507959284038733,0.5019284761907732,-0.0966798192579461
0.18,-0.5487676734590476,0.4964407994561827,-0.0896758416334147
0.19,-0.5694284767607672,0.490746514688575,-0.07909677119144165
0.2,-0.5685965058596267,0.48506054962997874,-0.06536436208636119
0.21,-0.5458234870377128,0.47960231475960163,-0.04902608213406995
0.22,-0.501576740091385,0.47458654735868777,-0.030733286997841936
0.23,-0.4372208661344396,0.47021433869734336,-0.0112152526935054
0.24,-0.3549632198743944,0.4666647064985994,0.008749898343944728
0.25,-0.2577653858392317,0.4640870526402071,0.028366218546322625
0.26,-0.1492242327654779,0.46259481031255234,0.046851667130037716
0.27,-0.03342733220721898,0.46226053699048014,0.06346928759426347
0.28,0.08521145187404783,0.4631126515092206,0.07755658785102502
0.29,0.20212960687155435,0.46513394757793614,0.08855195169413194
0.3,0.31279972727149935,0.46826194485065115,0.0960170286650366
0.31,0.41291201939602007,0.47239106504461137,0.09965420970232175
0.32,0.49854824428762595,0.47737654748748765,0.09931849187581926
0.33,0.5663401315672286,0.4830399488031599,0.09502325919585293
0.34,0.6136059186423283,0.4891760079895832,0.08693974903498249
0.35000000000000003,0.6384595442228427,0.49556060343181163,0.07539022543433047
0.36,0.6398881178219723,0.5019594846100314,0.06083513145322546
0.37,0.6177945541871828,0.5081374301519032,0.043854732757439036
0.38,0.5730036528747868,0.513867466680651,0.025125984258225487
0.39,0.507231362962922,0.5189397803102802,0.0053955420562648865
0.4,0.4230184429754883,0.5231699647400351,-0.014550003380861355
0.41000000000000003,0.32363114783952085,0.5264062762184303,-0.03391548609838362
0.42,0.21293289142546995,0.5285356051326849,-0.05192886541166856
0.43,0.09523199241823674,0.5294879250568673,-0.06787200473200125
0.44,-0.024888433286619757,0.5292390407240011,-0.08110930140616561
0.45,-0.1427516568704266,0.5278115241552969,-0.0911130261884677
0.46,-0.25377237747909726,0.5252738003805059,-0.0974843621404164
0.47000000000000003,-0.35363824431521407,0.5217374179373537,-0.09996930420352065
0.48,-0.4384806234004591,0.5173526117033491,-0.09846878557941267
0.49,-0.5050277999742376,0.5123023337036068,-0.09304262721047533
0.5,-0.5507345065880659,0.5067949886377261,-0.08390715290764525
0.51,-0.5738826097697054,0.501056162540029,-0.07142656520271991
0.52,-0.5736489370754867,0.49531967316927417,-0.056098425742722884
0.53,-0.5501375356143949,0.48981829781313024,-0.038533819077182806
0.54,-0.5043750705116192,0.48477454710801404,-0.01943299064553348
0.55,-0.4382695407696663,0.4803918517003174,0.0004425697988050786
0.56,-0.35453395201114185,0.47684651218020596,0.020300486381875215
0.5700000000000001,-0.2565779823554444,0.4742807323566515,0.03934908663478909
0.58,-0.14837195349975413,0.472797012821654,0.05682896297679751
0.59,-0.034288523072348906,0.4724541275909305,0.07204324789908388
0.6,0.08107159751720475,0.47326484356610254,0.08438539587324922
0.61,0.19306295860684547,0.475195473152171,0.09336336440746379
0.62,0.2971804198218763,0.4781672773503897,0.09861923022788638
0.63,0.38923855903939947,0.48205966294078373,0.09994345855010048
0.64,0.4655382967644194,0.4867150459084279,0.09728325656974354
0.65,0.5230140993245692,0.4919451869016736,0.09074467814501963
0.66,0.5593558982544836,0.4975387458842184,0.08058839576404497
0.67,0.5731008709001637,0.5032697545932201,0.06721930835534681
0.68,0.563691428462242,0.5089066688778425,0.051170399245314746
0.6900000000000001,0.53149710453308,0.5142216399231734,0.0330814877949047
0.7000000000000001,0.47779947597738176,0.5189996346829472,0.013673721820783361
0.71,0.40474072140428824,0.52304704189699,-0.006279172292408354
0.72,0.315237871745494,0.5261994206144449,-0.025981735621375585
0.73,0.21286617481527315,0.5283280823625977,-0.044648489141226724
0.74,0.1017162266756761,0.5293452446293544,-0.06153524829547208
0.75,-0.013769431907127982,0.5292075503102831,-0.07596879128588213
0.76,-0.12897373732780626,0.527917812937005,-0.08737369830110811
0.77,-0.23928946822074862,0.5255249182547975,-0.09529529168871803
0.78,-0.3403032021718528,0.522121886233079,-0.09941776251838154
0.79,-0.4279715290750753,0.5178421709423282,-0.09957676088732886
0.8,-0.4987824951422345,0.5128543459909058,-0.09576594803233847
0.81,-0.5498958406551402,0.5073553875843544,-0.08813724903622347
0.8200000000000001,-0.5792564402281876,0.5015628231820725,-0.07699479605420695
0.8300000000000001,-0.5856764229120799,0.49570605895295167,-0.0627828035246386
0.84,-0.5688826983149597,0.49001723196980207,-0.04606785874113625
0.85,-0.5295279942584256,0.4847219520272178,-0.027516333805159693
0.86,-0.46916496633298477,0.48003030236388794,-0.007867819473184016
0.87,-0.3901844120707268,0.4761284582431807,0.012094359992847768
0.88,-0.2957200536149105,0.47317125770703156,0.031574375491924336
0.89,-0.18952368568160946,0.47127602085021547,0.049795620278841546
0.9,-0.07581566713925597,0.4705178641788229,0.06603167082440801
0.91,0.04088328242503905,0.4709266970030733,0.07963524702919232
0.92,0.15593227441793883,0.47248601974725274,0.09006401723847701
0.93,0.26475524652279725,0.4751335722124807,0.096902219293905
0.9400000000000001,0.3630233853167578,0.4787638060656483,0.09987723565872103
0.9500000000000001,0.44682770253810067,0.4832320830910293,0.09887046181866693
0.96,0.5128348838629484,0.4883604319296588,0.09392203466968696
0.97,0.5584201959335412,0.4939446338889942,0.08522923238654626
0.98,0.5817721520157426,0.4997623554091516,0.07313860956454968
0.99,0.5819647625864603,0.5055820030350162,0.05813218118144357
1.0,0.5589944894741373,0.5111719479297576,0.04080820618133921
1.01,0.5137804293754922,0.5163097522235125,0.02185733677852592
1.02,0.4481277185475988,0.5207910294089885,0.0020350843331679433
1.03,0.36465561678137703,0.5244375855768022,-0.017868300502473455
1.04,0.266693136942673,0.527104516946229,-0.03705933258376414
1.05,0.15814638027974992,0.5286859807490264,-0.05477292602242684
1.06,0.043342865756209714,0.5291194094065885,-0.07030289574653885
1.07,-0.07314094109685243,0.52838799999562,-0.08303011087085271
1.08,-0.18666202447419938,0.526521379750878,-0.09244717749141218
1.09,-0.29269586865698505,0.5235944210643081,-0.09817866687932768
1.1,-0.3870167854950583,0.5197242532093576,-0.09999608263946372
1.11,-0.4658663302955607,0.5150655899064019,-0.09782697014065067
1.12,-0.5261030922255926,0.509804558984146,-0.09175780505318598
1.1300000000000001,-0.5653278878239283,0.5041512801059067,-0.0820305458367489
1.1400000000000001,-0.5819793667675991,0.4983314864382307,-0.06903298762015725
1.1500000000000001,-0.5753962185624094,0.49257752425260665,-0.05328330203333975
1.16,-0.545843500298411,0.48711908924962255,-0.03540937933963556
1.17,-0.4945020359506114,0.48217406889011644,-0.016123796432418538
1.18,-0.42342130988869,0.47793985579122955,0.003804591356977048
1.19,-0.3354377325959986,0.47458547846526955,0.02358130209505226
1.2,-0.23406153706796856,0.47224486309458985,0.0424179007336997
1.21,-0.12333681492824068,0.4710114949453074,0.05956343152752115
1.22,-0.007680272111106695,0.47093469222419637,0.07433435626961754
1.23,0.10829486767867785,0.47201764090098314,0.08614180480287029
1.24,0.2199627914246441,0.4742172688152296,0.09451505141481711
1.25,0.3228695246532975,0.47744596406176254,0.09912028118634736
1.26,0.4129105062653182,0.4815750691244157,0.09977389813911303
1.27,0.48649423114218565,0.4864400114358376,0.09644984462781486
1.28,0.5406854367684205,0.49184686580352177,0.08928064017629098
1.29,0.5733221256303473,0.49758008705982526,0.07855209834229068
1.3,0.5831017582403514,0.5034111046422288,0.06469193223286404
1.31,0.5696331807065975,0.5091074364492948,0.04825270293251017
1.32,0.5334522168230897,0.5144419586175257,0.029889790636446825
1.33,0.4760003032336521,0.5192019616498622,0.010335266710397088
1.34,0.3995670195758486,0.5231976318456207,-0.00963129168457606
1.35,0.30719880489925944,0.5262696198946133,-0.02921388087338362
1.36,0.20257749969321834,0.5282953948915454,-0.04763180482150184
1.37,0.08987355581011255,0.5291941304496466,-0.06415079902223857
1.3800000000000001,-0.026420233526056713,0.528929928114386,-0.07811230330551144
1.3900000000000001,-0.14166785484145805,0.5275132495659715,-0.08895971655362084
1.4000000000000001,-0.25127490555464044,0.525000500510425,-0.09626058663135667
1.41,-0.35087176639754886,0.5214917828464495,-0.09972385088794741
1.42,-0.4364878125106886,0.5171269047213426,-0.09921143990644503
1.43,-0.5047097178766382,0.5120798075425762,-0.09474378189567577
1.44,-0.5528175419135697,0.5065516321234405,-0.08649898828201887
1.45,-0.5788931728145532,0.5007627003952949,-0.07480575296890005
1.46,-0.5818968042765084,0.4949437323525298,-0.060130248348115194
1.47,-0.5617083966790504,0.4893266483857393,-0.04305754047766268
1.48,-0.5191324697411767,0.4841353236883275,-0.02426826434429202
1.49,-0.4558660355498377,0.4795766633328291,-0.004511489094451135
1.5,-0.3744309503389246,0.4758323538294399,0.015425144988758405
1.51,-0.278073381916346,0.47305162001027645,0.034746827218126324
1.52,-0.17063440063872692,0.4713452760038892,0.052683263096261215
1.53,-0.05639685305234475,0.4707813074733658,0.06851938352639869
1.54,0.06008537714028099,0.47138216124476856,0.08162385236075703
1.55,0.1741689139619375,0.4731238503843879,0.09147423578045313
1.56,0.281306002264582,0.47593691040703373,0.09767783008322618
1.57,0.3772258091718884,0.4797091684987526,0.09998731754079829
1.58,0.4581046859321923,0.48429021535807454,0.09831062617624531
1.59,0.520718602364065,0.4894974013817152,0.0927146003831664
1.6,0.5625716767965943,0.49512311814968113,0.08342233605065102
1.61,0.5819956774014543,0.5009430749236957,0.07080428643420057
1.62,0.578216528091078,0.5067252402046065,0.05536349335346549
1.6300000000000001,0.5513851675796971,0.5122390918804035,0.037715532502333365
1.6400000000000001,0.5025715313299024,0.5172648071937025,0.018563972388578435
1.6500000000000001,0.4337218962809037,0.5216020261565115,-0.001327674722305948
1.6600000000000001,0.3475812888645693,0.5250778390451573,-0.02116639163173255
1.67,0.2475840496317425,0.5275536795414747,-0.04016127130121261
1.68,0.13771691730695923,0.5289308487145443,-0.05755504782013432
1.69,0.022360090653796072,0.5291544496210823,-0.07265428620792345
1.7,-0.09388739551112638,0.528215575665971,-0.08485702747846052
1.71,-0.20639101847125166,0.5261516654812585,-0.09367678684526697
1.72,-0.3106655304401327,0.5230450101768571,-0.09876194833474773
1.73,-0.4025537701784492,0.5190194724750726,-0.09990978260547262
1.74,-0.4783923947629451,0.5142355485274431,-0.09707452912726808
1.75,-0.5351579243232444,0.5088839692842106,-0.09036922050915068
1.76,-0.57058727742103,0.5031780965100003,-0.08006117624589937
1.77,-0.5832679917223034,0.4973454165927773,-0.06656134553337595
1.78,-0.5726945331637588,0.4916184712611397,-0.05040792402090849
1.79,-0.5392884487576536,0.4862255867735632,-0.032244897649130216
1.8,-0.48438155961819185,0.4813817711773813,-0.012796368962740468
1.81,-0.4101628642608369,0.4772801425347729,0.007162310572917044
1.82,-0.31959126898151646,0.47408422984495774,0.026835451388009676
1.83,-0.21627762448789564,0.47192145360007876,0.04543874744042692
1.84,-0.10434077161653117,0.47087804588391347,0.06223054402265365
1.85,0.011756664855742838,0.4709956125324709,0.07654140519453434
1.86,0.12738618791937872,0.47226947441166467,0.08780080208168103
1.87,0.23793795277706034,0.4746488539394353,0.09555985806128395
1.8800000000000001,0.33900454761647286,0.4780388994156,0.09950924405655388
1.8900000000000001,0.4265567039500929,0.48230446645510094,0.0994915105108673
1.9000000000000001,0.49710393150471216,0.48727550577014805,0.0955073644047295
1.9100000000000001,0.5478336736547846,0.4927538425066959,0.08771564107069181
1.92,0.5767234357124883,0.4985210768638208,0.07642697192987757
1.93,0.5826214158748948,0.5043472910225697,0.06209140059747617
1.94,0.5652924243288343,0.510000215265858,0.04528044106399808
1.95,0.5254272598660865,0.5152544878645189,0.026664293235993727
1.96,0.4646151701956717,0.5199006395664756,0.006985124180712731
1.97,0.3852804938768104,0.5237534445052436,-0.012972519732819269
1.98,0.29058600976212934,0.5266593046028649,-0.03241299022175636
1.99,0.18430684710739398,0.5285023730739389,-0.05056125707565817
2.0,0.07067998315748945,0.5292091729055137,-0.06669380616522619
2.0100000000000002,-0.04576467173123627,0.5287515261882013,-0.08016748366746303
2.02,-0.16038486732531562,0.5271476775149482,-0.09044513657900197
2.0300000000000002,-0.26861108541900136,0.5244615666607582,-0.09711702731126903
2.04,-0.36612871217299725,0.5208002795390282,-0.09991716863513789
2.05,-0.44905004824710837,0.5163097790565571,-0.09873392775238266
2.06,-0.5140692992220207,0.5111690860643369,-0.09361447674306614
2.07,-0.5585943673277238,0.5055831423910596,-0.08476291196356792
2.08,-0.5808501903549302,0.4997746404875103,-0.07253211736891915
2.09,-0.5799495079500515,0.4939751454080098,-0.057409696143103366
2.1,-0.5559282340618913,0.4884158630673909,-0.03999853149883513
2.11,-0.5097440253494667,0.4833184228138962,-0.020992751626372916
2.12,-0.44323810262144203,0.4788860417876818,-0.0011500569930257758
2.13,-0.3590618473635624,0.4752954233140462,0.0187384867834179
2.14,-0.2605710997167304,0.47268971231687884,0.0378799862245219
2.15,-0.15169237190987367,0.4711727885977801,0.05551133015206257
2.16,-0.036766310794093135,0.47080512548983916,0.07092961252257328
2.17,0.07962534986862133,0.4716013789885254,0.0835201550731447
2.18,0.19284244849727367,0.4735298034734981,0.09278101260403986
2.19,0.29837138412387654,0.47651351731473685,0.09834298394982847
2.2,0.3920050592615212,0.48043356790735203,0.09998433086476913
2.21,0.47001060345495005,0.48513367394190154,0.09763961802693297
2.22,0.5292781909055486,0.490426455850957,0.09140232173799516
2.23,0.5674450192821062,0.4961009060437781,0.08152110331806944
2.24,0.5829895070736871,0.5019308011145149,0.06838989576356966
2.25,0.5752919541335765,0.5076837206558507,0.052532198881772976
2.2600000000000002,0.5446592470698675,0.5131303131265493,0.03458020900549924
2.27,0.49231262455666813,0.518053439372116,0.015249615320336047
2.2800000000000002,0.4203389903241803,0.5222568292753578,-0.0046889324047043116
2.29,0.3316077148248535,0.5255729064236063,-0.02444054719155166
2.3000000000000003,0.22965624243028332,0.5278694688479092,-0.04321779448847783
2.31,0.11854906463855976,0.5290549594942948,-0.06027208470078607
2.32,0.0027156815847736993,0.5290821163101426,-0.07492351709563581
2.33,-0.11322598818255884,0.5279498564283169,-0.08658798529871259
2.34,-0.22465370956473815,0.5257033193326696,-0.09480046377211855
2.35,-0.3271252048560268,0.5224320672841093,-0.09923354691509288
2.36,-0.41655525334666177,0.5182665147506427,-0.0997105016921283
2.37,-0.4893785561840203,0.5133727291888025,-0.09621231342138208
2.38,-0.5426918735844588,0.507945810452958,-0.08887844383003768
2.39,-0.5743697678343086,0.5022021127746149,-0.07800127115533773
2.4,-0.5831493377724126,0.49637061939689076,-0.06401443394691997
2.41,-0.568680566658328,0.49068381373030745,-0.047475543266265886
2.42,-0.5315402762161293,0.48536841096814615,-0.029043952493325993
2.43,-0.4732091305506325,0.4806363196626398,-0.009454470987969997
2.44,-0.3960126067178412,0.4766761935954614,0.01051193044036857
2.45,-0.30302828526715475,0.47364591074278983,0.03005925437436371
2.46,-0.197963156789313,0.47166627917489673,0.048408210693916126
2.47,-0.08500583587123386,0.4708162208161844,0.06482728441404459
2.48,0.03134042577861558,0.47112962507397055,0.07866189887891045
2.49,0.1464372697942345,0.4725939977719129,0.08936051166745099
2.5,0.2556961478921095,0.475150959250834,0.09649660284921134
2.5100000000000002,0.35476125284007765,0.4786985717792348,0.09978567898801315
2.52,0.4396831707743172,0.483095403486978,0.09909661499748201
2.5300000000000002,0.5070763318943607,0.4881661668059216,0.09445688168445349
2.54,0.554253982473596,0.4937087066306576,0.08605145057459257
2.5500000000000003,0.5793352972769567,0.49950205960342714,0.07421541968137826
2.56,0.5813203621516007,0.5053152632249431,0.059420654205766824
2.57,0.5601300374711871,0.510916563599655,0.04225697475968902
2.58,0.5166091132039514,0.5160826547316945,0.023408643079538105
2.59,0.4524926298219128,0.5206075810299136,0.003627082670050258
2.6,0.3703367077302374,0.5243109481072159,-0.01629907807957055
2.61,0.27341664282912365,0.5270451145355072,-0.03557544602087476
2.62,0.16559633081656563,0.5287010778436728,-0.053433533194138495
2.63,0.05117422587302073,0.529212820102403,-0.06916139401821607
2.64,-0.06528802513087188,0.5285599398510943,-0.08213200831418753
2.65,-0.1791474410900909,0.5267684654401934,-0.0918282786212119
2.66,-0.2858648076617744,0.5239098173635757,-0.09786364524049916
2.67,-0.3811856414098113,0.5200979609494776,-0.09999749715063866
2.68,-0.46130980262804006,0.5154848629231972,-0.09814476440973233
2.69,-0.5230429949139572,0.5102544329740576,-0.09237930962552374
2.7,-0.5639241116829341,0.5046151918572283,-0.08293098328631503
2.71,-0.5823233527192008,0.49879195833003626,-0.07017646034733183
2.72,-0.577507199166244,0.4930168863383738,-0.054624223388927085
2.73,-0.5496676566087048,0.48752020977228677,-0.03689429102071134
2.74,-0.49991460041628816,0.48252106376812387,-0.0176934996961671
2.75,-0.43023152851658764,0.478218748482958,0.0022126756261955736
2.7600000000000002,-0.3433964855940426,0.47478478362701754,0.02203063855384424
2.77,-0.24287131121760522,0.47235607051484146,0.0409703094440513
2.7800000000000002,-0.13266362722467434,0.47102943424259475,0.05827662338601124
2.79,-0.01716706648871104,0.47085776357770764,0.07325963225609111
2.8000000000000003,0.09901388735471123,0.47184790245125474,0.08532201077225841
2.81,0.21124746613609638,0.4739603771126157,0.093982869968111
2.82,0.31505927112830234,0.4771109698238987,0.09889692871843137
2.83,0.4063106531996268,0.481174076355895,0.09986827900805341
2.84,0.48136370768997233,0.48598771343279473,0.09685819616620306
2.85,0.5372263061850998,0.49135997649464574,0.0899866826969194
2.86,0.5716713832298521,0.4970766903269443,0.07952768415790758
2.87,0.5833257223955624,0.5029099475508999,0.06589816781563973
2.88,0.5717247020813636,0.5086271945717136,0.049641499476256734
2.89,0.5373308185070789,0.5140005027567843,0.03140578120556513
2.9,0.4815152474444686,0.518815655231229,0.01191801354488193
2.91,0.406503179762423,0.5228806870288532,-0.008044887706369817
2.92,0.31528511008544846,0.5260335381297077,-0.027687064671879803
2.93,0.2114976152066897,0.5281485142817746,-0.046225445740506285
2.94,0.09927837524395791,0.5291412980342142,-0.0629209641602888
2.95,-0.01689878261223654,0.5289723102080918,-0.07710802229758452
2.96,-0.132402241473416,0.5276482877933576,-0.0882210269143113
2.97,-0.2426272427049457,0.5252220153663082,-0.09581693758551367
2.98,-0.34317946312377234,0.5217902207350704,-0.09959292932301297
2.99,-0.43005020279853184,0.5174897187070852,-0.09939846525206636
3.0,-0.4997761992672794,0.5124919567144124,-0.09524129804151564
3.0100000000000002,-0.5495776968843092,0.5069961797455693,-0.0872871608293454
3.02,-0.5774692669069216,0.5012214870765,-0.07585315996547351
3.0300000000000002,-0.5823389602749958,0.4953980974737501,-0.06139513298226687
3.04,-0.5639926375118492,0.48975817109863157,-0.04448947579060243
3.0500000000000003,-0.5231617084531219,0.48452655401410033,-0.02581016359382675
3.06,-0.4614739732451557,0.47991181428164875,-0.006101881623245668
3.0700000000000003,-0.38138872709023564,0.4760979270107464,0.013849663112053268
3.08,-0.2860987159077452,0.4732369398516689,0.03324906548421324
3.09,-0.1794028516296284,0.47144291133537264,0.05132293253901182
3.1,-0.06555476156967958,0.47078736371967583,0.06735071623235862
3.11,0.050906790274609384,0.4712964316224219,0.08069343940699729
3.12,0.16533884942007865,0.4729498201166227,0.09081916979535211
3.13,0.2731793708418772,0.4756816138250414,0.09732422648042925
3.14,0.37012909331273663,0.4793829047581688,0.09994927338008856
3.15,0.45232293738154916,0.4839061341319843,0.09858965815825498
3.16,0.5164840938947188,0.4890709750709315,0.09329958438330894
3.17,0.5600546600371803,0.4946715216713033,0.08428995060286443
3.18,0.5812976148463637,0.5004844978197669,0.07191994248420473
3.19,0.579366068757163,0.5062781585073385,0.05668271321520203
3.2,0.5543370264170632,0.5118215287715091,0.039185723042955006
3.21,0.5072083167545323,0.5168936119390545,0.020126521750684533
3.22,0.439858812689151,0.521292200065946,0.00026493954912638445
3.23,0.354973526398101,0.5248419353299271,-0.01960720495619034
3.24,0.2559365663543468,0.5274013009934705,-0.03869767207401564
3.25,0.14669622360162446,0.5288682632294868,-0.05624538512381721
3.2600000000000002,0.031607565850666555,0.5291843388879934,-0.07155077216130871
3.27,-0.0847411853266407,0.528336927034727,-0.08400365570424713
3.2800000000000002,-0.19771157241182566,0.5263598113106087,-0.09310757858312196
3.29,-0.3027998226030939,0.5233318130845778,-0.09849959612184216
3.3000000000000003,-0.39581639902399735,0.5193736490943378,-0.099964745596635
3.31,-0.4730530243374219,0.5146431188509636,-0.09744461612148653
3.3200000000000003,-0.5314305180604858,0.5093288136703588,-0.09103967730584245
3.33,-0.5686215537731261,0.5036425981326275,-0.08100527384832928
3.34,-0.5831434422778488,0.49781116370984896,-0.06774144574940792
3.35,-0.5744172417388633,0.49206699129246034,-0.05177697997895051
3.36,-0.5427908382658783,0.48663908290980157,-0.033748329408441025
3.37,-0.48952507679252094,0.4817438321418764,-0.014374239443428919
3.38,-0.4167434951674896,0.4775763971902015,0.005572906087657094
3.39,-0.32734766540159316,0.47430292053618556,0.02529787743934896
3.4,-0.22490151714801532,0.47205390536470543,0.04401430224960407
3.41,-0.11348925507358917,0.47091901281396953,0.06097601572433005
3.42,0.0024474654928718365,0.47094348746889825,0.07550680787307162
3.43,0.11828661334211116,0.47212635360231936,0.08702738186742473
3.44,0.22941004718308827,0.47442045407415023,0.0950784487775076
3.45,0.33138762636285635,0.4777343303377788,0.09933903797222716
3.46,0.4201538265942479,0.4819358686037213,0.09963929320545596
3.47,0.49216981957965716,0.48685756679951786,0.09596724424855534
3.48,0.5445645549277905,0.49230321234879576,0.08846928410561633
3.49,0.5752492198725722,0.49805570454752146,0.07744433278635737
3.5,0.5830005136464235,0.5038857096839857,0.06333192030862998
3.5100000000000002,0.5675094166214244,0.5095608038502,0.046694664023629005
3.52,0.5293935099466212,0.5148547389496662,0.028195838837539202
3.5300000000000002,0.4701723545364043,0.5195564624950302,0.008572934534111403
3.54,0.39220691097200305,0.5234785316047502,-0.011391745615730677
3.5500000000000003,0.29860541545344543,0.5264645857592847,-0.030902272816607068
3.56,0.19309946423076987,0.5283955804015924,-0.049180823918046325
3.5700000000000003,0.07989524663716292,0.529194532867964,-0.06549869076893758
3.58,-0.03649414240645894,0.5288295914438994,-0.07920533151194234
3.59,-0.15142862524415499,0.5273153051914579,-0.08975430563444248
3.6,-0.2603261267385856,0.524712043924072,-0.09672505882738824
3.61,-0.3588452471472588,0.5211235914525995,-0.09983968915845978
3.62,-0.443058340030274,0.5166930080522967,-0.09897402614514161
3.63,-0.509608095119561,0.511596927101101,-0.09416258104001715
3.64,-0.5558413836847412,0.5060385132642536,-0.0855971709760354
3.65,-0.5799150304032524,0.5002393629602211,-0.07361927182273159
3.66,-0.5808692949440503,0.49443067001078056,-0.05870640462090193
3.67,-0.5586661337860354,0.4888440086729202,-0.04145309832560956
3.68,-0.5141907168932434,0.4837021015039878,-0.022547187812891344
3.69,-0.449216138781747,0.4792099401161703,-0.0027423920738401768
3.7,-0.36633273083666484,0.47554661280780364,0.017171734183077755
3.71,-0.2688447929741449,0.4728581648780622,0.03640127758665713
3.72,-0.16063886163106206,0.4712517762617516,0.054179616923730495
3.73,-0.04602876582198569,0.4707914886035317,0.06979798590772272
3.74,0.07041635161053668,0.47149565211963707,0.08263372945385468
3.75,0.18405419130232087,0.47333619403266025,0.09217512697247493
3.7600000000000002,0.2903543711935646,0.4762397377445959,0.09804179305413609
3.77,0.38507903856510994,0.480090528130247,0.0999998422354977
3.7800000000000002,0.46445181985303235,0.48473504632877734,0.09797121327468038
3.79,0.5253083727455954,0.4899881300562333,0.09203678120664358
3.8000000000000003,0.5652225385255584,0.4956403554414889,0.08243313311075579
3.81,0.5826030653620499,0.5014663860951094,0.06954313613053625
3.8200000000000003,0.5767570464995841,0.5072339565601053,0.0538806737688487
3.83,0.5479175442638172,0.5127131320027435,0.036070158974295476
3.84,0.4972342986020993,0.5176854749887645,0.016821640767405898
3.85,0.4267278905800032,0.5219527538945645,-0.003097503173121646
3.86,0.33920918819056356,0.5253448457764701,-0.02289315943687473
3.87,0.23816728591761527,0.5277265186356462,-0.04177613767742181
3.88,0.12763040554921268,0.5290028226911384,-0.05899363314099593
3.89,0.012005303686740812,0.5291228757280059,-0.07385923861641319
3.9,-0.1040984117344379,0.5280818916106615,-0.08578030932449879
3.91,-0.2160520519668927,0.5259213710909926,-0.09428158979523701
3.92,-0.3193923786647964,0.5227274473043446,-0.09902416080360045
3.93,-0.4099995391121953,0.5186274519132227,-0.09981895100953389
3.94,-0.4842613117498311,0.5137848387957243,-0.09663427463563229
3.95,-0.5392171140496688,0.5083926676552276,-0.08959709467909632
3.96,-0.572676031597616,0.5026659073392514,-0.07898796129768654
3.97,-0.5833041629373695,0.4968328657098777,-0.06522982716026375
3.98,-0.5706777980120957,0.49112608772975674,-0.048871185658584136
3.99,-0.5353003101472841,0.4857730846282839,-0.030564204206641233
4.0,-0.4785820881447443,0.4809872637468364,-0.011038724383904757
4.01,-0.4027843085317975,0.4769594206615185,0.008926834545310194
4.0200000000000005,-0.31092878958867715,0.4738501327656317,0.028536508751459022
4.03,-0.2066775209895932,0.47178335755573575,0.04700852240584795
4.04,-0.0941866718304843,0.47084149083743093,0.06360645461588639
4.05,0.022059102717296344,0.4710620818646039,0.07766859820216312
4.0600000000000005,0.13742545045651894,0.4724363363691691,0.08863433987555547
4.07,0.24731307916164105,0.4749094671607855,0.09606651011994308
4.08,0.34734111584594296,0.478382878319245,0.09966881176125165
4.09,0.4335217583428663,0.4827180959026736,0.09929763240076242
4.1,0.5024192563941604,0.4877422884666152,0.09496776978825433
4.11,0.5512868841705449,0.49325515730832065,0.08685184188241585
4.12,0.5781764435627312,0.499036921743948,0.07527340511756142
4.13,0.5820159326921469,0.5048570810708695,0.06069405522963572
4.14,0.5626522832429354,0.5104836039032988,0.04369502489087129
4.15,0.5208574628126768,0.5156921785314256,0.024954011797333815
4.16,0.4582976990003567,0.5202751555214291,0.0052181610003732455
4.17,0.37746705217007903,0.5240498260431299,-0.014725721408812948
4.18,0.2815879851348117,0.526865705894478,-0.03408253577513085
4.19,0.17448289373309714,0.528610534831809,-0.05208058699375539
4.2,0.060421719969244586,0.5292147520315014,-0.06800234955873388
4.21,-0.05604827709981133,0.5286542692605033,-0.08121307304063012
4.22,-0.17028380623340128,0.5269514311981692,-0.09118608758306834
4.23,-0.2777306573761393,0.5241741246244078,-0.09752380056790884
4.24,-0.37410526364118896,0.5204330719879959,-0.09997354737825585
4.25,-0.45556547360447014,0.5158774172519512,-0.0984376643394042
4.26,-0.5188637257573283,0.510688779994378,-0.09297738226135346
4.2700000000000005,-0.5614765185356125,0.5050740148090219,-0.083810385359639
4.28,-0.5817050143636738,0.49925696466538516,-0.07130213287260063
4.29,-0.5787427669475161,0.49346953699591,-0.055951289354823325
4.3,-0.5527078717436487,0.48794245827847355,-0.03836984449497419
4.3100000000000005,-0.5046382578659113,0.4828960756998144,-0.01925871501815537
4.32,-0.4364503091270869,0.47853157260854357,0.0006201986520476919
4.33,-0.3508624638637795,0.4750229479699058,0.020474386959143633
4.34,-0.25128683937846585,0.4725100795761211,0.03951232606884278
4.3500000000000005,-0.14169320159020804,0.471093147560219,0.0569750334265312
4.36,-0.026450702994786218,0.4708286405302712,0.07216632599662003
4.37,0.08984630165765557,0.4717271035468477,0.08448057488323435
4.38,0.20256141778816616,0.4737527177247294,0.09342684984312438
4.39,0.30720104940986237,0.476824728218828,0.09864849112524243
4.4,0.39959354461956065,0.4808206636650236,0.09993732836951247
4.41,0.4760555061947477,0.4855812187269711,0.09724197970216672
4.42,0.5335386370172093,0.4909166050971432,0.09066990016890746
4.43,0.5697512660596755,0.49661411775773995,0.08048309784132947
4.44,0.5832497100778876,0.5024466148585188,0.06708768838191963
4.45,0.5734958287057469,0.5081815731455763,0.0510177044941669
4.46,0.5408784784135029,0.5135903579297113,0.03291380572390701
4.47,0.4866980100273978,0.5184573380299853,0.013497737384955098
4.48,0.41311442784571123,0.5225884823084423,-0.006456443148961562
4.49,0.3230612770836841,0.5258190950792792,-0.026153225669013666
4.5,0.22012869268311955,0.5280203820061103,-0.04480736161291701
4.51,0.10842027196157754,0.5291045847257261,-0.06167516944712085
4.5200000000000005,-0.00761052286302609,0.5290284794970959,-0.07608418290271979
4.53,-0.12333791015732976,0.5277951003955226,-0.08745996008351044
4.54,-0.23414820418875434,0.525453618353635,-0.09534898465163544
4.55,-0.3356237482163341,0.5220973808714717,-0.09943674609282016
4.5600000000000005,-0.4237190325242545,0.5178601905462292,-0.09956027825808228
4.57,-0.49492197612787897,0.5129109707849504,-0.09571465630982068
4.58,-0.5463939423595929,0.5074470313613545,-0.08805319305955073
4.59,-0.5760829063549043,0.5016862022978055,-0.07688132686991533
4.6000000000000005,-0.5828052628082522,0.49585814966972297,-0.06264444479103391
4.61,-0.56629301258146,0.4901952195439084,-0.04591012638431009
4.62,-0.5272044469836478,0.4849231750740719,-0.027345516116425418
4.63,-0.4670979037741013,0.4802521960363309,-0.007690726414745035
4.64,-0.3883696411534229,0.47636849962479666,0.01227066827960061
4.65,-0.294158306510907,0.4734269165596876,0.031742870151970165
4.66,-0.18821980845770253,0.4715447184751106,0.04994958396180135
4.67,-0.07477758060294026,0.4707969426690812,0.06616496548410261
4.68,0.04164579341644696,0.4712134006032456,0.07974255862817523
4.69,0.15640888107349443,0.47277748941398057,0.09014106760193782
4.7,0.2649364402191632,0.4754268538161722,0.09694593666699876
4.71,0.36290181954881573,0.4790558720116604,0.09988587716774114
4.72,0.4463994485361924,0.48351986649702233,0.09884368295391846
4.73,0.5121005402055526,0.48864087189907784,0.09386090302000183
4.74,0.5573857993638046,0.49421472989271586,0.08513618507788512
4.75,0.5804498456341902,0.5000192283490578,0.07301735609948197
4.76,0.5803731882746979,0.5058229602318047,0.05798755555298325
4.7700000000000005,0.5571588833723237,0.511394549065528,0.04064597415690034
4.78,0.5117324120065337,0.5165118731855933,0.021683966036970426
4.79,0.4459047842391467,0.5209709210279848,0.0018574866188582626
4.8,0.36230033985813886,0.5245939244265662,-0.018043044929108396
4.8100000000000005,0.2642521242318838,0.527236445668885,-0.03722425721387373
4.82,0.15566901030835212,0.5287931357719685,-0.05492145583145833
4.83,0.0408798641858307,0.5292019344138268,-0.07042910931971873
4.84,-0.07553903311788686,0.5284465440826479,-0.08312897647130846
4.8500000000000005,-0.18894642754838797,0.526557079807164,-0.0925147536596414
4.86,-0.29482112416746586,0.5236088685654894,-0.09821225956675267
4.87,-0.38894223292785324,0.5197194462362108,-0.09999435261164458
4.88,-0.4675574422396161,0.5150438718138146,-0.09778998636833706
4.89,-0.5275326117921405,0.5097685456958932,-0.09168704196267086
4.9,-0.5664767208379656,0.5041037784875136,-0.08192882452914593
4.91,-0.5828371906446824,0.49827540658106684,-0.06890436340299974
4.92,-0.5759617809095495,0.49251578877197133,-0.053132902748268485
4.93,-0.5461245925221014,0.4870545428467503,-0.0352432009315342
4.94,-0.4945151400266531,0.4821093914464838,-0.015948463910011434
4.95,-0.42319092943115766,0.47787748215217224,0.00398208803931389
4.96,-0.3349954319354955,0.47452752783281726,0.02375388670471864
4.97,-0.23344472370783412,0.47219308059573895,0.04257869286693042
4.98,-0.12258731102341676,0.4709672074855048,0.05970602090937286
4.99,-0.006842729095176997,0.47089878019455306,0.07445305831140288
5.0,0.10917465084855604,0.4719905267030386,0.0862318872287684
5.01,0.22083958198344122,0.474198922522873,0.0945729229227798
5.0200000000000005,0.3237003358842002,0.477435925881715,0.09914363462197612
5.03,0.41365617888869044,0.4815724876706019,0.09976180247462524
5.04,0.4871208554084034,0.4864436962246859,0.09640278207918351
5.05,0.5411655606216932,0.49185535183090284,0.08920048697881602
5.0600000000000005,0.573635702679637,0.4975917088576992,0.0784420499510169
5.07,0.5832367994838478,0.5034240768525376,0.06455637592987365
5.08,0.5695860856027575,0.5091199377085652,0.04809704291983095
5.09,0.5332277719214882,0.5144522154277801,0.02972023258757038
5.1000000000000005,0.47561134967122,0.5192083289244923,0.010158570369662135
5.11,0.3990338037879423,0.5231986669623717,-0.009808081991663338
5.12,0.3065480393716026,0.5262641473560877,-0.029383717075173718
5.13,0.2018411719937777,0.5282825590760255,-0.04778791608457816
5.14,0.08908753403519538,0.5291734344163774,-0.0642869616831801
5.15,-0.027217742773413142,0.5289012569886433,-0.0782230889887116
5.16,-0.14243793406821104,0.5274768776479613,-0.08904070858349586
5.17,-0.25197957442061164,0.5249570819037551,-0.09630855611126042
5.18,-0.351475584308398,0.5214423260606711,-0.09973688542609244
5.19,-0.43695937179515754,0.5170727323427196,-0.0991890198569283
5.2,-0.5050229680334826,0.5120225026623847,-0.09468680107512126
5.21,-0.5529528922284473,0.5064929737401003,-0.08640971833592842
5.22,-0.5788383295540204,0.5007045904445601,-0.07468775280831653
5.23,-0.5816473093102487,0.49488811735145755,-0.059988222267070235
5.24,-0.5612678463384992,0.48927543888807257,-0.042897150607818
5.25,-0.518512405516342,0.48409031483290915,-0.024095904923620143
5.26,-0.45508551134675973,0.47953945971944156,-0.004334031549141325
5.2700000000000005,-0.373515793945151,0.47580430177999006,0.01560062598637432
5.28,-0.2770551805361906,0.47303374997462816,0.03491333579443536
5.29,-0.16954925137742646,0.4713382574608539,0.052834161079774414
5.3,-0.05528392860983933,0.4707854181747555,0.06864865509069841
5.3100000000000005,0.06118538993290566,0.47139727207408455,0.08172634385651577
5.32,0.17521544006069598,0.4731494264746915,0.09154586119516546
5.33,0.282260203517569,0.4759720285098672,0.0977157339376344
5.34,0.37805214338378457,0.47975254994370503,0.09998998872783968
5.3500000000000005,0.4587723373058229,0.48434027331676327,0.09827795820412207
5.36,0.5212027258793145,0.48955230057555643,0.09264789562083721
5.37,0.5628544065223173,0.4951808446407796,0.08332425380649079
5.38,0.5820668581670747,0.5010015132224503,0.07067873693776765
5.39,0.5780741409949058,0.5067822546323995,0.05521548186698774
5.4,0.5510354320397169,0.5122926089527966,0.03755095977670121
5.41,0.502028679301971,0.5173128957458163,0.01838939941902237
5.42,0.43300762736357035,0.521642972019452,-0.0015052882623872842
5.43,0.34672392775677535,0.5251102112970197,-0.02133996485098736
5.44,0.24661743930094626,0.5275763856900292,-0.040323884383131815
5.45,0.1366790917865272,0.5289431766078945,-0.057700217894295205
5.46,0.02129178019839885,0.5291560944098784,-0.07277622580158118
5.47,-0.09494436747613771,0.5282066507351171,-0.08495087524481898
5.48,-0.20739538283367567,0.5261326969067803,-0.09373880137003471
5.49,-0.3115781987516089,0.5230169149192643,-0.09878965729452052
5.5,-0.40333937512717716,0.5189835211679925,-0.0999020813314648
5.51,-0.4790206834274241,0.5141933143337183,-0.0970317246449718
5.5200000000000005,-0.5356049487165974,0.5088372648465523,-0.09029301929819744
5.53,-0.5708363348995932,0.5031289014975564,-0.07995461620810321
5.54,-0.5833102777883649,0.4972957987196728,-0.06642867488117364
5.55,-0.5725294806437397,0.49157050391323537,-0.050254431914538523
5.5600000000000005,-0.5389237398270998,0.48618126651496435,-0.032076703334500155
5.57,-0.4838328101757603,0.48134293841320674,-0.012620177816406054
5.58,-0.4094529932054384,0.47724840848115235,0.007339474365954099
5.59,-0.3187495774996539,0.4740609127061558,0.027006524866394346
5.6000000000000005,-0.2153386220114154,0.4719075264860417,0.04559691044442761
5.61,-0.10334279520390106,0.47087409853400264,0.06236949109241444
5.62,0.012772982731343571,0.4710018283613161,0.07665559694885717
5.63,0.1283795421525658,0.4722856237828418,0.08788568605567341
5.64,0.2388680143532369,0.47467430392637416,0.09561205019876988
5.65,0.3398335726132522,0.4780726396525067,0.09952666362171314
5.66,0.4272510387400283,0.48234515003990697,0.099473463040608
5.67,0.49763535422085703,0.4873215035821155,0.09545456939473858
5.68,0.5481805185080699,0.4928033087671962,0.08763020329141341
5.69,0.5768714554060238,0.49857202332125644,0.07631229751595703
5.7,0.582564347800086,0.5043976667992573,0.06195206125592099
5.71,0.565032238035465,0.510047989179612,0.04512199181464491
5.72,0.524974076002706,0.5152977299396391,0.026493050950398056
5.73,0.46398685421121194,0.5199375984817511,0.006807915748415618
5.74,0.3845019407375039,0.5237826178891262,-0.013148629570835686
5.75,0.2896881482526309,0.5266794993716525,-0.03258098052199642
5.76,0.1833254034607405,0.5285127534062599,-0.05071443059497606
5.7700000000000005,0.06965405334963228,0.5292092939397562,-0.06682605635877423
5.78,-0.0467941840624507,0.5287413520991318,-0.08027353813736346
5.79,-0.16137688502355085,0.5271275832488962,-0.09052076726821408
5.8,-0.26952599883297224,0.5244323232605664,-0.09715921906288022
5.8100000000000005,-0.366929961607397,0.5207630236444925,-0.0999242393971555
5.82,-0.44970558472698774,0.5162659677972226,-0.098705595635838
5.83,-0.5145528653115506,0.5111204391441071,-0.09355187126003867
5.84,-0.5588865469216063,0.505531573674891,-0.08466852899710292
5.8500000000000005,-0.5809391855743831,0.4997221818191472,-0.07240971967004738
5.86,-0.5798316121579221,0.49392386569756797,-0.0572641633218302
5.87,-0.5556079821291866,0.4883677858762761,-0.0398356654894887
5.88,-0.5092340151753384,0.48327544572452275,-0.020819045382793035
5.89,-0.4425584950173109,0.47884986077434966,-0.000972435634982221
5.9,-0.3582395642370336,0.4752674651319793,0.018912942052895843
5.91,-0.25963875252094326,0.4726710776067699,0.038044320424366285
5.92,-0.15068696307930607,0.47116420797597686,0.05565899179631276
5.93,-0.03572775993990769,0.4708069303765778,0.07105471480744562
5.94,0.0806557962428297,0.47161348833900607,0.08361771056532442
5.95,0.19382386035344834,0.47355172694254055,0.09284713207390764
5.96,0.29926477879833613,0.4765443747305239,0.09837503142277314
5.97,0.39277495489715464,0.4804721242794955,0.09998102870917601
5.98,0.4706264330172686,0.48517838860966817,0.09760109788932488
5.99,0.5297155204005748,0.4904755438136739,0.09133011929470121
6.0,0.5676865215994996,0.4961524090296689,0.08141809705265618
6.01,0.5830256526206655,0.5019826655558756,0.06826019221078376
6.0200000000000005,0.5751213907156836,0.5077338794630324,0.052380968912960194
6.03,0.5442888538633657,0.513176768001666,0.034413481682282886
6.04,0.4917572380103188,0.5180943403817692,0.01507403753495426
6.05,0.4196208129075024,0.5222905485108442,-0.0048663609200153895
6.0600000000000005,0.3307554301841112,0.5255981028126854,-0.024612752921795336
6.07,0.2287038722183982,0.5278851415348693,-0.04337791213461654
6.08,0.11753461258414218,0.5290604876607108,-0.06041373087754801
6.09,0.001679618848074202,0.5290772838491915,-0.07504104481694386
6.1000000000000005,-0.11424233599112349,0.5279348604892803,-0.08667670910519802
6.11,-0.2256098094068928,0.5256787623952114,-0.09485684652560139
6.12,-0.32798293167453285,0.5223989330784661,-0.09925534081311793
6.13,-0.4172804094663014,0.518226128983803,-0.09969683788075573
6.140000000000001,-0.48994223413712695,0.5133267066424317,-0.09616373663365263
6.15,-0.5430716080350315,0.5078959905620815,-0.08879689066918556
6.16,-0.5745504306821398,0.50215048625526,-0.07788999288853
6.17,-0.5831237407566807,0.49631924884769324,-0.06387786688749486
6.18,-0.568449747440628,0.49063475137328694,-0.04731913191192083
6.19,-0.5311134565410264,0.48532361680787667,-0.028873932471174164
6.2,-0.4726033481545665,0.480597583326331,-0.009277620459766088
6.21,-0.395252035663291,0.4766450629696981,0.010688561002149863
6.22,-0.3021432718000465,0.4736236302516976,0.030228623266614813
6.23,-0.19698900915836276,0.471653740160114,0.048563565713376736
6.24,-0.08398141635630056,0.47081392599655103,0.06496243204633992
6.25,0.03237425049720194,0.47113766850152305,0.07877145121442346
6.26,0.14743925814623576,0.4726120610829854,0.08944010120027769
6.2700000000000005,0.2566263278444642,0.4751783243614301,0.09654305659583742
6.28,0.3555825156827413,0.4787341495182575,0.0997971449841536
6.29,0.44036275072626363,0.48313777702552013,0.09907263613005374
6.3,0.5075871125433485,0.48821364815095364,0.09439841391523142
6.3100000000000005,0.5545755779670891,0.4937594039306245,0.08596082482902975
6.32,0.5794548651617194,0.4995539525822417,0.07409624892196374
6.33,0.5812331154579207,0.5053662837368209,0.059277689394613746
6.34,0.5598394356279754,0.5109646780931006,0.0420959154526665
6.3500000000000005,0.5161267241750417,0.516125945334851,0.023235910202965795
6.36,0.4518376689613129,0.5206443220244641,0.003449562538626333
6.37,0.3695352717423134,0.5243396747418873,-0.016474308298404086
6.38,0.27250066937493284,0.5270646814356366,-0.035741400451263235
6.390000000000001,0.16460232524516114,0.5287107046880881,-0.053583595756641816
6.4,0.050141805840540385,0.5292121227464935,-0.06928958219201652
6.41,-0.06631770913132379,0.5285489456551803,-0.08223321164131825
6.42,-0.18013334631775618,0.5267476121920027,-0.09189846244438446
6.43,-0.28676763543014494,0.5238799358377013,-0.09790001155216166
6.44,-0.3819694038655379,0.520060241799046,-0.09999859614070618
6.45,-0.4619432575429689,0.5154408092236162,-0.09811055226493881
6.46,-0.5235008912884083,0.5102058003107321,-0.09231115027611891
6.47,-0.5641881965007706,0.5045639183457244,-0.08283159403047104
6.48,-0.5823830987174549,0.4987400873585499,-0.070049803521039
6.49,-0.5773602246044183,0.49296648511250574,-0.054475348400158996
6.5,-0.5493198203019518,0.4874732869094862,-0.036729133045469646
6.51,-0.4993797682429822,0.4824794892270564,-0.01751864306173657
6.5200000000000005,-0.4295310207081502,0.4781841790199749,0.0023902599375901805
6.53,-0.3425582268412034,0.47475859675156284,0.02220387081610664
6.54,-0.24192871747509212,0.4723393095768119,0.041132283433553816
6.55,-0.13165427359346588,0.47102276684087724,0.058420881710928935
6.5600000000000005,-0.016131189282751937,0.4708614549480497,0.07338042379224459
6.57,0.100034994639753,0.47186180489444723,0.08541451994227946
6.58,0.2122130990046509,0.4739839358844937,0.09404340872332043
6.59,0.3159309367893931,0.47714324525238766,0.09892308356970102
6.6000000000000005,0.4070536051020653,0.4812137813034083,0.09985900724399913
6.61,0.48194833071124915,0.4860332646105208,0.09681386742279868
6.62,0.5376292972508808,0.4914095575830296,0.08990906422127741
6.63,0.5718766802964763,0.49712832438599436,0.07941987035371326
6.640000000000001,0.5833251447598728,0.5029615758335931,0.06576445687903847
6.65,0.5715182764906355,0.5086767585984995,0.04948722204034305
6.66,0.5369267780679315,0.5140460263791788,0.03123708782485641
6.67,0.48092970337408575,0.5188553234129197,0.01174162949212623
6.68,0.40575947906815696,0.5229129182036013,-0.008221930555600455
6.69,0.3144129047798596,0.5260570472513999,-0.027857708177880348
6.7,0.21053168016528656,0.5281623640530527,-0.04638288688518717
6.71,0.09825722183365973,0.5291449362713894,-0.06305892626204766
6.72,-0.017934441863882683,0.5289655918527505,-0.07722100524278709
6.73,-0.13341111595971675,0.5276314806931534,-0.08830452642947054
6.74,-0.24356910986535787,0.5251957895944998,-0.09586762480845945
6.75,-0.34401677198744035,0.5217556218746253,-0.0996087835141185
6.76,-0.430749571018085,0.5174481261644445,-0.0993788543547631
6.7700000000000005,-0.5003097439611143,0.5124450287248333,-0.09518700388039338
6.78,-0.5499241462311097,0.5069457872625223,-0.08720034794127358
6.79,-0.5776148081768653,0.5011696391807536,-0.07573728930634428
6.8,-0.5822777904895424,0.4953468612758582,-0.06125482394960996
6.8100000000000005,-0.5637271947792237,0.48970958932806596,-0.04433032206277738
6.82,-0.5227025747570925,0.484482563580495,-0.02563851012772511
6.83,-0.46083945256275616,0.47987416905486746,-0.005924571700877874
6.84,-0.38060411565772895,0.47606812789829017,0.014025560703619017
6.8500000000000005,-0.2851952937271702,0.4732161749610185,0.03341653826307608
6.86,-0.17841663542150032,0.47143200860680345,0.05147530389397133
6.87,-0.06452506888782747,0.4707867579179252,0.06748191159832631
6.88,0.05193890852177277,0.4713061470031429,0.0807982284387427
6.890000000000001,0.16633224555131476,0.47296946945865603,0.09089337488486213
6.9,0.274094440842479,0.47571041386708085,0.09736488930495181
6.91,0.3709293557322795,0.47941970742440365,0.09995477284112925
6.92,0.4529764877443043,0.4839494723018467,0.09855977500965646
6.93,0.5169648766399318,0.489119121068246,0.09323550997190465
6.94,0.5603435072809302,0.4947225561410553,0.08419423937323751
6.95,0.581383010552829,0.5005363862465836,0.07179641014104719
6.96,0.57924460785417,0.5063288323251253,0.05653628460320516
6.97,0.5540135505524263,0.5118689678306495,0.03902223580879855
6.98,0.5066957212810127,0.5169359250434596,0.019952493614481325
6.99,0.43917753257293835,0.5213277003691891,8.730846348656809e-05
7.0,0.35415072154602856,0.5248692075846494,-0.019781357400426823
7.01,0.255005038838308,0.5274192579730325,-0.03886140296847095
7.0200000000000005,0.14569310994703655,0.5288761890725028,-0.05639216703440815
7.03,0.03057285652337266,0.5291819176377365,-0.07167475335645745
7.04,-0.08576624021165137,0.52832425523562,-0.08409989344495032
7.05,-0.1986861076004582,0.5263373941596154,-0.09317223617435201
7.0600000000000005,-0.3036849868695046,0.5233005442909204,-0.09853009586947681
7.07,-0.3965769040454572,0.5193347752504659,-0.09995987157198259
7.08,-0.47365855152790703,0.5145981897351868,-0.09740456263652963
7.09,-0.5318569272769327,0.5092796204624175,-0.09096604116662958
7.1000000000000005,-0.5688518457070166,0.5035911020053473,-0.08090099069535976
7.11,-0.5831684361645657,0.49775941764370163,-0.06761067302290343
7.12,-0.5742359413666531,0.4920170582300351,-0.05162493117484245
7.13,-0.5424104716927547,0.48659295351310755,-0.03358106623273175
7.140000000000001,-0.4889608081876886,0.48170334543123067,-0.01419843015110185
7.15,-0.41601782026523804,0.4775431672285783,0.005750252534912421
7.16,-0.3264895146689616,0.4742782720818887,0.025469690798333708
7.17,-0.22394510242007432,0.47203882105768796,0.044173732863879815
7.18,-0.11247270563733659,0.4709140940013146,0.061116707598418245
7.19,0.0034836229910159694,0.4709489302312248,0.0756231520659335
7.2,0.11930107056392389,0.47214194093686407,0.08711474010323435
7.21,0.2303623609297465,0.47444556454616155,0.09513333835907992
7.22,0.3322398309157677,0.47776796285531925,0.09935927062515743
7.23,0.42087194728659166,0.4819766823281852,0.09962406231772022
7.24,0.4927252272573308,0.4869039346007585,0.09591715702758352
7.25,0.5449351073016893,0.4923532856737754,0.08838633737085003
7.26,0.5754201442601027,0.4981074871163764,0.07733183336235594
7.2700000000000005,0.5829649959101343,0.5039371370754777,0.06319435319241834
7.28,0.5672688728256559,0.5096098258037343,0.04653751358201272
7.29,0.5289575299020622,0.5148994011027549,0.028025370162706155
7.3,0.46955831948328597,0.5195949842975878,0.008395943674184848
7.3100000000000005,0.39143930064367294,0.5235093773040245,-0.01156820259369661
7.32,0.29771483214554234,0.5264865256254799,-0.03107116112973889
7.33,0.19212141278325062,0.5284077397533125,-0.04933541052225754
7.34,0.0788687189674662,0.5291964269429871,-0.06563281278414693
7.3500000000000005,-0.037528221788915295,0.5288211447250979,-0.07931364191664785
7.36,-0.15242903076972575,0.5272968544174006,-0.08983248643460409
7.37,-0.26125297531136893,0.5246843246642869,-0.09676999320121521
7.38,-0.3596615881587857,0.521087708782699,-0.09984958571426678
7.390000000000001,-0.44373162846408537,0.5166503924980582,-0.09894849033847916
7.4,-0.5101114890186494,0.5115492776078717,-0.09410263090291437
7.41,-0.556154814255931,0.5059877294653125,-0.08550519653127332
7.42,-0.5800260020968331,0.5001874694443441,-0.07349893980118268
7.43,-0.58077338361203,0.4943797356082238,-0.058562512280536064
7.44,-0.5583671630590071,0.4887960639776337,-0.041291382199956345
7.45,-0.5137006057442985,0.4836590579201907,-0.02237409501355837
7.46,-0.44855442635456905,0.479173513656645,-0.0025648232645067944
7.47,-0.3655257974814271,0.47551825568183076,0.017346699894330034
7.48,-0.2679248085460555,0.4728390075963702,0.036566664869057006
7.49,-0.1596425029795791,0.4712425825665744,0.05432883230824102
7.5,-0.04499575460035808,0.47079262502057084,0.06992508064783752
7.51,0.07144483252246409,0.4715070733457955,0.08273363668335879
7.5200000000000005,0.1850371396298231,0.47335744474209374,0.09224386370540094
7.53,0.29125259989860114,0.47626997074107974,0.09807661897385406
7.54,0.38585673811014987,0.48012853812218126,0.09999936894248856
7.55,0.4650779858145965,0.48477931798032725,0.09793545963764286
7.5600000000000005,0.5257580418630677,0.4900368983989579,0.09196717261025812
7.57,0.565477783907902,0.49569167623803695,0.08233244463009903
7.58,0.5826537111766665,0.5015182133498036,0.06941538189759158
7.59,0.576601073650926,0.5072842240863129,0.0537309469417298
7.6000000000000005,0.5475611708886321,0.5127598357951992,0.03590442868911161
7.61,0.49669173217220225,0.5177267531169213,0.016646514167632583
7.62,0.42602076149546664,0.521986960731876,-0.0032750443425940572
7.63,0.3383656874441624,0.5253706176063176,-0.02306603716988155
7.640000000000001,0.2372210412091305,0.527742828018409,-0.041937459884298006
7.65,0.12661914065537597,0.5290090194249627,-0.05913696841443247
7.66,0.010969334533496508,0.5291187127702977,-0.07397887263138103
7.67,-0.10511778434049779,0.5280675349268926,-0.08587147265034697
7.68,-0.21701418887118665,0.5258973930381807,-0.09434064803784697
7.69,-0.3202589225194561,0.5226948038129862,-0.09904875949720743
7.7,-0.41073594356234666,0.5185874443773627,-0.09980810948185004
7.71,-0.4848382186876292,0.5137390621904864,-0.09658842510415376
7.72,-0.5396115240293093,0.5083429469501933,-0.08951806501995668
7.73,-0.572872220750574,0.5026142247426876,-0.0788789021740023
7.74,-0.5832943098333461,0.4967812816443541,-0.06509508641514196
7.75,-0.5704622954746996,0.4910766586896071,-0.04871613498033415
7.76,-0.5348877495933512,0.4857277811936736,-0.03039502497651174
7.7700000000000005,-0.47798891707161595,0.48094789202295746,-0.010862161243926326
7.78,-0.4020341748074894,0.47692755027488254,0.009103742579925246
7.79,-0.3100515986859895,0.47382703428802264,0.028706708915633407
7.8,-0.20570824374927935,0.47176995185052983,0.04716522935613387
7.8100000000000005,-0.09316395028418545,0.47083831234768797,0.06374342094069578
7.82,0.023094495882891933,0.4710692573065169,0.07778036348634682
7.83,0.138432237378014,0.47245357968029705,0.08871644838992945
7.84,0.24825112241706193,0.47493609090446764,0.09611568845714638
7.8500000000000005,0.34817301860705985,0.47841782109053826,0.09968309933617175
7.86,0.4342143552686901,0.4827599646432252,0.09927645961287451
7.87,0.5029449358283927,0.4877894140015091,0.0949119807297968
7.88,0.5516246889311419,0.4933056608908205,0.08676366068709614
7.890000000000001,0.5783129064385737,0.4990887899552062,0.07515634729136646
7.9,0.581945613338209,0.5049082460885883,0.06055278749869898
7.91,0.5623779850696293,0.5105320259392846,0.043535179153826924
7.92,0.5203901212226782,0.5157359271515114,0.024781960599296503
7.930000000000001,0.45765594542856747,0.5203124866057971,0.005040763479668366
7.94,0.3766764713070713,0.5240792513188678,-0.014901392972842356
7.95,0.2806800949459057,0.5268860522683269,-0.034249477911590706
7.96,0.17349388893650666,0.5286209911576919,-0.052232144246484015
7.97,0.05939102906683383,0.5292149014483603,-0.06813247981833023
7.98,-0.057079563712504486,0.5286441058112352,-0.08131658842429469
7.99,-0.1712745744116038,0.5269313600671192,-0.09125886125911449
8.0,-0.27864140831708634,0.5241449459839483,-0.09756293127952374
8.01,-0.3748996885767781,0.5203959490981805,-0.09997747510745213
8.02,-0.4562119013172945,0.5158338300850076,-0.09840623250001314
8.03,-0.5193363852121959,0.5106404662328856,-0.09291184394162216
8.040000000000001,-0.5617565662894201,0.5050229005699914,-0.08371335336555806
8.05,-0.5817812857940419,0.499205087712051,-0.07117747556357236
8.06,-0.5786122213510665,0.49341896549854036,-0.05580397642437782
8.07,-0.5523757135592766,0.4878952083629476,-0.03820574884477651
8.08,-0.504117729190243,0.48285403107104513,-0.019084378623943715
8.09,-0.43576216179388017,0.47849640945310634,0.0007978255483836716
8.1,-0.3500341321338174,0.47499606813176815,0.020648222933781112
8.11,-0.2503513462221596,0.47249255466954654,0.03967544083004682
8.120000000000001,-0.14068784216597824,0.4710856762478868,0.05712092410350961
8.13,-0.025415557808799852,0.4708315206697988,0.07228917638846731
8.14,0.09086996463478382,0.4717402203161466,0.08457548733250247
8.15,0.20353278834513389,0.47377554819959794,0.09349004048997504
8.16,0.3080814020690184,0.4768563622202881,0.09867744075799631
8.17,0.40034778249949543,0.48085984004528304,0.09993088285766699
8.18,0.47665356021220234,0.4856263756474051,0.09720039600793885
8.19,0.53395666464654,0.49096594229387047,0.09059483610296179
8.2,0.5699726018591129,0.4966656683124616,0.0803775459710974
8.21,0.5832655300881174,0.5024983236133428,0.06695585672737749
8.22,0.5733055022333261,0.508231378635676,0.05086484876736325
8.23,0.5404895931746215,0.5136362745674222,0.03274601980030405
8.24,0.48612606964958754,0.5184975352639181,0.013321710359850414
8.25,0.41238223378714833,0.5226213576017895,-0.006633693633562374
8.26,0.32219801961100814,0.5258433377978996,-0.026324633195638603
8.27,0.2191687871476244,0.5280350256693759,-0.044966092704385854
8.28,0.10740198676776552,0.5291090455370535,-0.06181489599572276
8.290000000000001,-0.008646591897956968,0.529022579618074,-0.07619933445189246
8.3,-0.12435045823060571,0.5277790750357679,-0.08754594590437051
8.31,-0.2350968642041636,0.5254281063937263,-0.0954023767608505
8.32,-0.3364707000929572,0.5220633993927967,-0.09945541591548368
8.33,-0.424430510963739,0.5178190942831593,-0.09954348148728055
8.34,-0.4954696167303249,0.512864398115856,-0.09566306257980056
8.35,-0.5467559124226637,0.5073968389916295,-0.08796885924951524
8.36,-0.5762447752747671,0.5016343912388818,-0.07676761510273851
8.370000000000001,-0.5827605773822055,0.4958067854650597,-0.06250588839603557
8.38,-0.5660435542767622,0.49014634992229206,-0.04575224916771756
8.39,-0.5267601609160344,0.4848787483131317,-0.027174612144656336
8.4,-0.466476502227398,0.48021398329085774,-0.007513609089835323
8.41,-0.38759589744668316,0.4763380243163909,0.012446937848835618
8.42,-0.2932630673643513,0.47340539364274736,0.031911264654054444
8.43,-0.1872387642313284,0.4715330060004341,0.050103390039337614
8.44,-0.07374984243449156,0.4707955075760892,0.06629805137414023
8.45,0.042679252849123966,0.47122230010458044,0.07984961861625556
8.46,0.15740686100381623,0.4727963687146186,0.09021783354418512
8.47,0.26585915433635976,0.47545496025798223,0.09698934814754373
8.48,0.3637124821525889,0.4790920850795081,0.09989420350784735
8.49,0.44706574106650293,0.48356274249017317,0.09881659220868104
8.5,0.5125958996816236,0.4886887014869894,0.09379947521194415
8.51,0.5576904773663401,0.4942656062606528,0.08504286913986685
8.52,0.5805516956125322,0.5000711232167782,0.07289587224347688
8.53,0.5802681497914678,0.5058738047146928,0.057842746956964654
8.540000000000001,0.556851143980252,0.5114423161544953,0.04048361388262381
8.55,0.5112342403039456,0.5165546585575348,0.021510526876214117
8.56,0.4452360407596561,0.5210070189651314,0.0016798830436398978
8.57,0.3614876852938552,0.52462189581807,-0.018217732424703967
8.58,0.2633279565557457,0.5272551753836274,-0.0373890643906567
8.59,0.15467017316917686,0.5288018771153192,-0.05506981234736689
8.6,0.03984617806830992,0.5292003388960024,-0.07055510066863
8.61,-0.07656635841025382,0.5284346753118998,-0.08322757977573199
8.620000000000001,-0.18992643579811883,0.5265354109539186,-0.09258203791698955
8.63,-0.2957147455382386,0.5235782634985363,-0.09824554236601299
8.64,-0.389713841555591,0.5196811250829804,-0.09999230707263997
8.65,-0.4681762765232654,0.5149993623177477,-0.09775269404025314
8.66,-0.5279740007616327,0.5097196223101313,-0.09161598957294499
8.67,-0.5667230677079388,0.5040523916330519,-0.08182684471233802
8.68,-0.5828786743427878,0.498223604889624,-0.06877552177258896
8.69,-0.5757967476116135,0.4924656374135079,-0.052982335813478054
8.700000000000001,-0.5457596215848705,0.4870080411976592,-0.03507691132091307
8.71,-0.4939647816896179,0.48206839338076307,-0.015773081065575255
8.72,-0.42247712474441046,0.477843622133319,0.0041595721570086884
8.73,-0.33414663803930394,0.4745021557529259,0.023926396363984467
8.74,-0.23249477933626417,0.4721772079595633,0.042739350652035345
8.75,-0.12157408746079107,0.4709614670849554,0.059848421901409966
8.76,-0.005806620367475049,0.47090340088128063,0.07457152543219418
8.77,0.11019233835604185,0.47200532426484104,0.08632169756805143
8.78,0.22179827628133642,0.4742233070276544,0.09463049602574072
8.790000000000001,0.32456181685622976,0.4774689251962167,0.0991666752306814
8.8,0.4143861020071053,0.4816127862162877,0.09974939203271523
8.81,0.48769012094192055,0.4864896874257069,0.09635541535181354
8.82,0.5415514737499536,0.49190520216320643,0.08912005232793208
8.83,0.5738228782640762,0.4976434309458472,0.07833175405232262
8.84,0.5832177754246143,0.5034756087000933,0.06442061593279286
8.85,0.5693616203290918,0.5091692249033842,0.04794123114703219
8.86,0.5328068141555413,0.5144972930449396,0.02955058076274022
8.870000000000001,0.4750106816707352,0.519247399861647,0.009981841975690504
8.88,0.3982773722906058,0.523230173584553,-0.009984841351408903
8.89,0.30566600091417834,0.5262868335936948,-0.029553460562813806
8.9,0.2008686906661484,0.5282955205003562,-0.04794387656291727
8.91,0.08806337959906847,0.5291761542963469,-0.06442292150011107
8.92,-0.028252740512563393,0.5288936268912212,-0.07833362785537813
8.93,-0.14344251301663719,0.5274592017610549,-0.08912141966411019
8.94,-0.25291368518576324,0.5249300649091972,-0.09635622170973572
8.950000000000001,-0.3523019868418199,0.5214070450407791,-0.09974960526543553
8.96,-0.43764512003570155,0.517030593840422,-0.09916628683728455
8.97,-0.5055407233627991,0.5119751866067941,-0.09462952149024559
8.98,-0.5532820133754262,0.5064423664730399,-0.0863201757421129
8.99,-0.5789656954971335,0.5006527095180685,-0.07456951698621002
9.0,-0.5815678423712745,0.4948370310943558,-0.05984600690578582
9.01,-0.5609847146135267,0.4892271839482205,-0.04273662538502132
9.02,-0.5180368965737759,0.48404681498248275,-0.023923469473378617
9.03,-0.4544365822275871,0.4795024491602069,-0.004156560328703133
9.040000000000001,-0.3727193154055449,0.47577525600615145,0.015776057759490345
9.05,-0.27614290566209976,0.4730138269495304,0.03507973420904214
9.06,-0.16855754968923545,0.47132825145263807,0.052984892356184754
9.07,-0.05425233612436939,0.47078572809139435,0.06877771004858056
9.08,0.06221574687862781,0.47140788556018065,0.08182857748195622
9.09,0.17620348438671757,0.4731699204040478,0.0916171977561332
9.1,0.2831665450145577,0.4760015858541934,0.09775332947055969
9.11,0.3788406490763734,0.4797899923449571,0.0999923444174649
9.120000000000001,0.4594115719603138,0.4843841080645603,0.09824498013653542
9.13,0.5216672052272466,0.4896007801168327,0.0925808985275245
9.14,0.5631256132378312,0.495232036249211,0.0832259086501419
9.15,0.5821339800942577,0.5010533760501537,0.07055296442942059
9.16,0.5779345021943308,0.506832721072097,0.05506729615965024
9.17,0.5506945994696996,0.512339667066794,0.03738626856689878
9.18,0.5015002408815137,0.5173546694756092,0.018214768425575272
9.19,0.4323126502649084,0.5216777959782583,-0.00168289705284755
9.200000000000001,0.3458901185236944,0.5251366971634952,-0.021513470736462096
9.21,0.24567803927633036,0.5275934775562585,-0.040486370231499355
9.22,0.13567155188490532,0.5289501930751076,-0.05784520590753348
9.23,0.020256267856167687,0.5291527557536693,-0.07289793576513949
9.24,-0.09596656964964471,0.5281930900571729,-0.08504445496652635
9.25,-0.20836352286354815,0.5261094548285373,-0.09380052012169504
9.26,-0.3124536799500011,0.5229849180290373,-0.09881705454427087
9.27,-0.4040872948214526,0.5189440450808228,-0.09989406483741414
9.28,-0.479611224419571,0.5141479328366271,-0.09698861399944007
9.290000000000001,-0.5360145680008201,0.5087877871566189,-0.09021653318657917
9.3,-0.5710487022476602,0.5030773001341423,-0.07984780389030323
9.31,-0.5833169267842717,0.4972441308662996,-0.06629579462723521
9.32,-0.5723301462130033,0.4915208294041696,-0.05010078124085915
9.33,-0.5385263688044405,0.48613556571612515,-0.03190840780856532
9.34,-0.4832532444898718,0.4813030332712264,-0.012443946849750191
9.35,-0.40871433831129167,0.47721588988811353,0.007516615000819327
9.36,-0.3178812812369195,0.47403707707574433,0.02717751313135924
9.370000000000001,-0.21437530061201807,0.47189332406962414,0.04575492957695127
9.38,-0.10232285325209792,0.4708700955371032,0.06250824136834247
9.39,0.013808883368546646,0.4710081843707887,0.07676954683253796
9.4,0.129390103385738,0.4723020854046461,0.0879702927248347
9.41,0.23981294829502256,0.4747002148875963,0.0956639406525053
9.42,0.3406752077293055,0.47810696696488936,0.09954376915138138
9.43,0.42795582169420654,0.48238652518183145,0.09945510170272069
9.44,0.4981751875408503,0.48736827705723995,0.09540147319789499
9.450000000000001,0.5485338807429514,0.49285361586466947,0.08754448901342753
9.46,0.5770242591185905,0.4986238584558554,0.07619738231460373
9.47,0.5825105011885191,0.5044489634677406,0.06181252643764304
9.48,0.5647738877942448,0.510096702345683,0.0449634001923182
9.49,0.5245215217406797,0.5153419175630899,0.02632172507154243
9.5,0.46335813783869295,0.5199754989414768,0.0066306858351711274
9.51,0.38372212719223764,0.5238127202133992,-0.013324697921112093
9.52,0.28878832623982376,0.5267006034757974,-0.03274886801979362
9.53,0.18234144604448865,0.5285240179362423,-0.050867444095557726
9.540000000000001,0.06862518780706568,0.529210269814313,-0.0669580956967318
9.55,-0.04782694010892104,0.5287320004132238,-0.08037933932096718
9.56,-0.16237235884940293,0.5271082768247297,-0.09059611233815028
9.57,-0.2704445040381671,0.524403831784348,-0.09720110424897478
9.58,-0.3677348802879135,0.5207264829814688,-0.09993099486921525
9.59,-0.4503648273151009,0.5162228347083179,-0.09867695207450994
9.6,-0.5150401498856322,0.5110724332094615,-0.09348897059372352
9.61,-0.559182446983403,0.5054806087396274,-0.08457387887687114
9.620000000000001,-0.5810319045221956,0.49967028969440547,-0.0722870934975074
9.63,-0.5797174535798922,0.49387311515860655,-0.05711844981551076
9.64,-0.5552914971675731,0.48832020018693084,-0.03967267378706346
9.65,-0.5087278210868346,0.4832329219760625,-0.020645273449087873
9.66,-0.4418827721628386,0.4788140942544341,-0.0007948112086221866
9.67,-0.35742125155443216,0.4752398817388898,0.019087337646556676
9.68,-0.2587104735545343,0.47265277700334446,0.0382085345833471
9.69,-0.14968572538212754,0.4711559197495232,0.055806477820300154
9.700000000000001,-0.03469347969935338,0.47080898495252965,0.0711795928940826
9.71,0.08168188553742664,0.4716258038079039,0.08371500221937432
9.72,0.19480085175992412,0.47357381232550316,0.09291295858414404
9.73,0.3001537227523893,0.47657534955302705,0.09840676849396074
9.74,0.3935404120085615,0.4805107536731127,0.0999774110844382
9.75,0.4712378869265371,0.48522313254237803,0.09756226979194443
9.76,0.5301485943698975,0.490524618486077,0.09125762867839093
9.77,0.5679239503363638,0.4962038579894406,0.08131483388953131
9.78,0.5830579705905802,0.5020344376953464,0.06813027327729129
9.790000000000001,0.5749473095031734,0.5077839107903781,0.05222957366699759
9.8,0.5439153135370296,0.5132230639257483,0.03424664577455166
9.81,0.49119913044419017,0.5181350552301902,0.014898412186611885
9.82,0.41890038808903396,0.5223240591110806,-0.005043774080547006
9.83,0.329901409177386,0.5256230732028545,-0.02478488099166678
9.84,0.227750302145932,0.5279005762243139,-0.04353789291086087
9.85,0.11651950927555975,0.5290657713170694,-0.06055518643146514
9.86,0.0006434512689460492,0.5290722058297589,-0.07515833576199016
9.870000000000001,-0.11525825910923519,0.5279196232386666,-0.08676515942152632
9.88,-0.22656498641519957,0.5256539733745146,-0.09491292997822126
9.89,-0.3288392826799483,0.5223655805477151,-0.0992768215317541
9.9,-0.4180037944566116,0.518185542603149,-0.09968285949694307
9.91,-0.49050381403554233,0.5132805044627935,-0.09611485642144217
9.92,-0.5434489944231694,0.5078460145185618,-0.08871505732838783
9.93,-0.5747285783556177,0.5020987287350056,-0.07777846885620168
9.94,-0.583095547529936,0.4962677732597062,-0.06374109827487219
9.950000000000001,-0.5682163372886372,0.4905856098868199,-0.047162571251991116
9.96,-0.530684134789984,0.48527876853892005,-0.02870382134339062
9.97,-0.47199523050788367,0.4805588162338412,-0.009100740657977984
9.98,-0.3944893658525134,0.4766139225753161,0.010865157838423137
9.99,-0.30125645506378634,0.47360135802467823,0.030397896778791816
10.0,-0.19601340008138535,0.4716412240238644,0.04871876750070059
