| 0.50000000 | -0.40000000 | 0.15000000 | 0.25000000 | 0.00 |
| 1.00000000 | 0.10000000 | 0.16000000 | 0.24200000 | 0.02 |
| 1.44400000 | 0.63600000 | 0.18000000 | 0.24400000 | 0.04 |
| 1.81200000 | 1.11600000 | 0.20888000 | 0.25672000 | 0.06 |
| 2.08992000 | 1.51632000 | 0.24512000 | 0.27904000 | 0.08 |
| 2.26752000 | 1.82208000 | 0.28691840 | 0.30936640 | 0.10 |
| 2.33857920 | 2.02262400 | 0.33226880 | 0.34580800 | 0.12 |
| 2.30112000 | 2.11150080 | 0.37904038 | 0.38626048 | 0.14 |
| 2.15747942 | 2.08667981 | 0.42506278 | 0.42849050 | 0.16 |
| 1.91420928 | 1.95062400 | 0.46821237 | 0.47022409 | 0.18 |
| 1.58180797 | 1.71018584 | 0.50649656 | 0.50923657 | 0.20 |
| 1.17429489 | 1.37632795 | 0.53813272 | 0.54344029 | 0.22 |
| 0.70864459 | 0.96367974 | 0.56161862 | 0.57096685 | 0.24 |
| 0.20410383 | 0.48994813 | 0.57579151 | 0.59024044 | 0.26 |
| -0.31858131 | -0.02479404 | 0.57987358 | 0.60003941 | 0.28 |
| -0.83799684 | -0.55891296 | 0.57350196 | 0.59954352 | 0.30 |
| -1.33291762 | -1.09007997 | 0.55674202 | 0.58836527 | 0.32 |
| -1.78315517 | -1.59616411 | 0.53008367 | 0.56656367 | 0.34 |
| -2.17036251 | -2.05611517 | 0.49442056 | 0.53464038 | 0.36 |
| -2.47876401 | -2.45080215 | 0.45101331 | 0.49351808 | 0.38 |
| -2.69578110 | -2.76377354 | 0.40143803 | 0.44450204 | 0.40 |
| -2.81252917 | -2.98190911 | 0.34752241 | 0.38922657 | 0.42 |
| -2.82416568 | -3.09593747 | 0.29127183 | 0.32958838 | 0.44 |
| -2.73007623 | -3.10079879 | 0.23478852 | 0.26766963 | 0.46 |
| -2.53389102 | -2.99583847 | 0.18018699 | 0.20565366 | 0.48 |
| -2.24333167 | -2.78482436 | 0.12950917 | 0.14573689 | 0.50 |
| -1.86989457 | -2.47578711 | 0.08464254 | 0.09004040 | 0.52 |
| -1.42838391 | -2.08069030 | 0.04724465 | 0.04052466 | 0.54 |
| -0.93631317 | -1.61494394 | 0.01867697 | -0.00108915 | 0.56 |
| -0.41319934 | -1.09678095 | -0.00004930 | -0.03338802 | 0.58 |
| 0.12022180 | -0.54652188 | -0.00831328 | -0.05532364 | 0.60 |
| 0.64282764 | 0.01424252 | -0.00590885 | -0.06625408 | 0.62 |
| 1.13395487 | 0.56351811 | 0.00694771 | -0.06596923 | 0.64 |
| 1.57422558 | 1.07978874 | 0.02962680 | -0.05469887 | 0.66 |
| 1.94632063 | 1.54287693 | 0.06111132 | -0.03310309 | 0.68 |
| 2.23566919 | 1.93474945 | 0.10003773 | -0.00224555 | 0.70 |
| 2.43102716 | 2.24023575 | 0.14475111 | 0.03644943 | 0.72 |
| 2.52492159 | 2.44763052 | 0.19337165 | 0.08125415 | 0.74 |
| 2.51394327 | 2.54915660 | 0.24387009 | 0.13020676 | 0.76 |
| 2.39887644 | 2.54126992 | 0.29414895 | 0.18118989 | 0.78 |
| 2.18466041 | 2.42479456 | 0.34212648 | 0.23201529 | 0.80 |
| 1.88018507 | 2.20488280 | 0.38581969 | 0.28051118 | 0.82 |
| 1.49792868 | 1.89080209 | 0.42342339 | 0.32460884 | 0.84 |
| 1.05345279 | 1.49555778 | 0.45338196 | 0.36242488 | 0.86 |
| 0.56477469 | 1.03536696 | 0.47445102 | 0.39233603 | 0.88 |
| 0.05164268 | 0.52900466 | 0.48574651 | 0.41304337 | 0.90 |
| -0.46525663 | -0.00295104 | 0.48677937 | 0.42362347 | 0.92 |
| -0.96512716 | -0.53894482 | 0.47747423 | 0.42356445 | 0.94 |
| -1.42789521 | -1.05730758 | 0.45817169 | 0.41278555 | 0.96 |
| -1.83501087 | -1.53712292 | 0.42961379 | 0.39163940 | 0.98 |
| -2.17018723 | -1.95906209 | 0.39291357 | 0.36089694 | 1.00 |
| -2.42004763 | -2.30615397 | 0.34950983 | 0.32171570 | 1.02 |
| -2.57465553 | -2.56445937 | 0.30110887 | 0.27559262 | 1.04 |
| -2.62790579 | -2.72362302 | 0.24961576 | 0.22430343 | 1.06 |
| -2.57776197 | -2.77728113 | 0.19705765 | 0.16983097 | 1.08 |
| -2.42633062 | -2.72330862 | 0.14550241 | 0.11428535 | 1.10 |
| -2.17976955 | -2.56389650 | 0.09697579 | 0.05981918 | 1.12 |
| -1.84803438 | -2.30545631 | 0.05338040 | 0.00854125 | 1.14 |
| -1.44447350 | -1.95835606 | 0.01641972 | -0.03756788 | 1.16 |
| -0.98528813 | -1.53649831 | -0.01246975 | -0.07673500 | 1.18 |
| -0.48887911 | -1.05675763 | -0.03217552 | -0.10746497 | 1.20 |
| 0.02489302 | -0.53830021 | -0.04195310 | -0.12860012 | 1.22 |
| 0.53550517 | -0.00181294 | -0.04145524 | -0.13936613 | 1.24 |
| 1.02259387 | 0.53132694 | -0.03074514 | -0.13940238 | 1.26 |
| 1.46676965 | 1.03990837 | -0.01029326 | -0.12877585 | 1.28 |
| 1.85039099 | 1.50373482 | 0.01904214 | -0.10797768 | 1.30 |
| 2.15826709 | 1.90443061 | 0.05604995 | -0.07790298 | 1.32 |
| 2.37826131 | 2.22617296 | 0.09921530 | -0.03981437 | 1.34 |
| 2.50177138 | 2.45632064 | 0.14678052 | 0.00470909 | 1.36 |
| 2.52406747 | 2.58591425 | 0.19681595 | 0.05383550 | 1.38 |
| 2.44447468 | 2.61002837 | 0.24729730 | 0.10555379 | 1.40 |
| 2.26639305 | 2.52796170 | 0.29618679 | 0.15775436 | 1.42 |
| 1.99715459 | 2.34325793 | 0.34151465 | 0.20831359 | 1.44 |
| 1.64772315 | 2.06355672 | 0.38145775 | 0.25517875 | 1.46 |
| 1.23224966 | 1.70028115 | 0.41441221 | 0.29644988 | 1.48 |
| 0.76750059 | 1.26817431 | 0.43905720 | 0.33045551 | 1.50 |
| 0.27218279 | 0.78470398 | 0.45440721 | 0.35581899 | 1.52 |
| -0.23380809 | 0.26935923 | 0.45985087 | 0.37151307 | 1.54 |
| -0.73018543 | -0.25713249 | 0.45517471 | 0.37690026 | 1.56 |
| -1.19708375 | -0.77363652 | 0.44057100 | 0.37175761 | 1.58 |
| -1.61585253 | -1.25945696 | 0.41662932 | 0.35628488 | 1.60 |
| -1.96980008 | -1.69516364 | 0.38431227 | 0.33109574 | 1.62 |
| -2.24485771 | -2.06336701 | 0.34491627 | 0.29719246 | 1.64 |
| -2.43013787 | -2.34941009 | 0.30001912 | 0.25592512 | 1.66 |
| -2.51836410 | -2.54194988 | 0.25141636 | 0.20893692 | 1.68 |
| -2.50615570 | -2.63340522 | 0.20104908 | 0.15809792 | 1.70 |
| -2.39415616 | -2.62025339 | 0.15092597 | 0.10542982 | 1.72 |
| -2.18700039 | -2.50316387 | 0.10304284 | 0.05302475 | 1.74 |
| -1.89312225 | -2.28696421 | 0.05930283 | 0.00296147 | 1.76 |
| -1.52441064 | -1.98043953 | 0.02144039 | -0.04277781 | 1.78 |
| -1.09572781 | -1.59597424 | -0.00904782 | -0.08238660 | 1.80 |
| -0.62430972 | -1.14905026 | -0.03096238 | -0.11430608 | 1.82 |
| -0.12907237 | -0.65762231 | -0.04344857 | -0.13728709 | 1.84 |
| 0.37014775 | -0.14139534 | -0.04603002 | -0.15043954 | 1.86 |
| 0.85338876 | 0.37896678 | -0.03862707 | -0.15326744 | 1.88 |
| 1.30136214 | 0.88266951 | -0.02155929 | -0.14568811 | 1.90 |
| 1.69622309 | 1.34961977 | 0.00446795 | -0.12803472 | 1.92 |
| 2.02228185 | 1.76122843 | 0.03839241 | -0.10104232 | 1.94 |
| 2.26662756 | 2.10115132 | 0.07883805 | -0.06581775 | 1.96 |
| 2.41963985 | 2.35593916 | 0.12417060 | -0.02379473 | 1.98 |
| 2.47536799 | 2.51557050 | 0.17256340 | 0.02332406 | 2.00 |
| 2.43176251 | 2.57384667 | 0.22207076 | 0.07363547 | 2.02 |
| 2.29075041 | 2.52863309 | 0.27070601 | 0.12511240 | 2.04 |
| 2.05815118 | 2.38193762 | 0.31652102 | 0.17568506 | 2.06 |
| 1.74343723 | 2.13982308 | 0.35768404 | 0.22332381 | 2.08 |
| 1.35934870 | 1.81215768 | 0.39255278 | 0.26612028 | 2.10 |
| 0.92137812 | 1.41221372 | 0.41973976 | 0.30236343 | 2.12 |
| 0.44714594 | 0.95613077 | 0.43816732 | 0.33060770 | 2.14 |
| -0.04430794 | 0.46226517 | 0.44711024 | 0.34973032 | 2.16 |
| -0.53328826 | -0.04954810 | 0.44622408 | 0.35897562 | 2.18 |
| -1.00023333 | -0.55879134 | 0.43555832 | 0.35798466 | 2.20 |
| -1.42649728 | -1.04508602 | 0.41555365 | 0.34680883 | 2.22 |
| -1.79509420 | -1.48900765 | 0.38702370 | 0.32590711 | 2.24 |
| -2.09137479 | -1.87286102 | 0.35112182 | 0.29612696 | 2.26 |
| -2.30360815 | -2.18138507 | 0.30929432 | 0.25866974 | 2.28 |
| -2.42344596 | -2.40235898 | 0.26322216 | 0.21504204 | 2.30 |
| -2.44625053 | -2.52708572 | 0.21475324 | 0.16699486 | 2.32 |
| -2.37127378 | -2.55073376 | 0.16582823 | 0.11645315 | 2.34 |
| -2.20168041 | -2.47252360 | 0.11840276 | 0.06543847 | 2.36 |
| -1.94441449 | -2.29575184 | 0.07436915 | 0.01598800 | 2.38 |
| -1.60991509 | -2.02765219 | 0.03548086 | -0.02992704 | 2.40 |
| -1.21169260 | -1.67909929 | 0.00328256 | -0.07048008 | 2.42 |
| -0.76578298 | -1.26416732 | -0.02095130 | -0.10406207 | 2.44 |
| -0.29010194 | -0.79956144 | -0.03626696 | -0.12934542 | 2.46 |
| 0.19627506 | -0.30394502 | -0.04206899 | -0.14533664 | 2.48 |
| 0.67387775 | 0.20281035 | -0.03814349 | -0.15141554 | 2.50 |
| 1.12362063 | 0.70042185 | -0.02466594 | -0.14735934 | 2.52 |
| 1.52756571 | 1.16900743 | -0.00219353 | -0.13335090 | 2.54 |
| 1.86963801 | 1.58988046 | 0.02835779 | -0.10997075 | 2.56 |
| 2.13626536 | 1.94629509 | 0.06575055 | -0.07817314 | 2.58 |
| 2.31691688 | 2.22411274 | 0.10847586 | -0.03924724 | 2.60 |
| 2.40451897 | 2.41236307 | 0.15481419 | 0.00523501 | 2.62 |
| 2.39573223 | 2.50367733 | 0.20290457 | 0.05348228 | 2.64 |
| 2.29107849 | 2.49457682 | 0.25081922 | 0.10355582 | 2.66 |
| 2.09491326 | 2.38560528 | 0.29664079 | 0.15344736 | 2.68 |
| 1.81524483 | 2.18130012 | 0.33853905 | 0.20115946 | 2.70 |
| 1.46340755 | 1.89000401 | 0.37484395 | 0.24478547 | 2.72 |
| 1.05360269 | 1.52352452 | 0.40411210 | 0.28258555 | 2.74 |
| 0.60232538 | 1.09665580 | 0.42518415 | 0.31305604 | 2.76 |
| 0.12770084 | 0.62658162 | 0.43723066 | 0.33498915 | 2.78 |
| -0.35124350 | 0.13218386 | 0.43978468 | 0.34752079 | 2.80 |
| -0.81534064 | -0.36671571 | 0.43275981 | 0.35016446 | 2.82 |
| -1.24605095 | -0.85014995 | 0.41645300 | 0.34283015 | 2.84 |
| -1.62620263 | -1.29880525 | 0.39153198 | 0.32582715 | 2.86 |
| -1.94067624 | -1.69479298 | 0.35900792 | 0.29985104 | 2.88 |
| -2.17700585 | -2.02236248 | 0.32019440 | 0.26595518 | 2.90 |
| -2.32587308 | -2.26852742 | 0.27665428 | 0.22550793 | 2.92 |
| -2.38147433 | -2.42358038 | 0.23013682 | 0.18013739 | 2.94 |
| -2.34174684 | -2.48147547 | 0.18250733 | 0.13166578 | 2.96 |
| -2.20844462 | -2.44006373 | 0.13567240 | 0.08203627 | 2.98 |
| -1.98706167 | -2.30117237 | 0.09150350 | 0.03323499 | 3.00 |
| -1.68660570 | -2.07052465 | 0.05176227 | -0.01278845 | 3.02 |
| -1.31923169 | -1.75750425 | 0.01803016 | -0.05419895 | 3.04 |
| -0.89975021 | -1.37477348 | -0.00835448 | -0.08934903 | 3.06 |
| -0.44503036 | -0.93776110 | -0.02634948 | -0.11684450 | 3.08 |
| 0.02667856 | -0.46404032 | -0.03525009 | -0.13559972 | 3.10 |
| 0.49647947 | 0.02737783 | -0.03471652 | -0.14488053 | 3.12 |
| 0.94558448 | 0.51680749 | -0.02478693 | -0.14433297 | 3.14 |
| 1.35606624 | 0.98467657 | -0.00587524 | -0.13399682 | 3.16 |
| 1.71157355 | 1.41230941 | 0.02124609 | -0.11430329 | 3.18 |
| 1.99798262 | 1.78267231 | 0.05547756 | -0.08605710 | 3.20 |
| 2.20395818 | 2.08105194 | 0.09543721 | -0.05040366 | 3.22 |
| 2.32140203 | 2.29563992 | 0.13951637 | -0.00878262 | 3.24 |
| 2.34577130 | 2.41800001 | 0.18594441 | 0.03713018 | 3.26 |
| 2.27625400 | 2.44339976 | 0.23285984 | 0.08549018 | 3.28 |
| 2.11579500 | 2.37099332 | 0.27838492 | 0.13435818 | 3.30 |
| 1.87097167 | 2.20384849 | 0.32070082 | 0.18177804 | 3.32 |
| 1.55172447 | 1.94881722 | 0.35812025 | 0.22585501 | 3.34 |
| 1.17095348 | 1.61625495 | 0.38915474 | 0.26483136 | 3.36 |
| 0.74399722 | 1.21960025 | 0.41257381 | 0.29715646 | 3.38 |
| 0.28801488 | 0.77483193 | 0.42745376 | 0.32154846 | 3.40 |
| -0.17870323 | 0.29982547 | 0.43321406 | 0.33704510 | 3.42 |
| -0.63746925 | -0.18636532 | 0.42963999 | 0.34304161 | 3.44 |
| -1.06994599 | -0.66427249 | 0.41689061 | 0.33931430 | 3.46 |
| -1.45887981 | -1.11479339 | 0.39549169 | 0.32602885 | 3.48 |
| -1.78878884 | -1.51995414 | 0.36631409 | 0.30373299 | 3.50 |
| -2.04657923 | -1.86362664 | 0.33053831 | 0.27333390 | 3.52 |
| -2.22206468 | -2.13217041 | 0.28960673 | 0.23606137 | 3.54 |
| -2.30836885 | -2.31497396 | 0.24516543 | 0.19341796 | 3.56 |
| -2.30219466 | -2.40487390 | 0.19899806 | 0.14711848 | 3.58 |
| -2.20394993 | -2.39843551 | 0.15295416 | 0.09902100 | 3.60 |
| -2.01772458 | -2.29608361 | 0.10887517 | 0.05105229 | 3.62 |
| -1.75112065 | -2.10207883 | 0.06852067 | 0.00513062 | 3.64 |
| -1.41494210 | -1.82434055 | 0.03349826 | -0.03691095 | 3.66 |
| -1.02275706 | -1.47412367 | 0.00519942 | -0.07339777 | 3.68 |
| -0.59035027 | -1.06556269 | -0.01525572 | -0.10288024 | 3.70 |
| -0.13508785 | -0.61510123 | -0.02706273 | -0.12419149 | 3.72 |
| 0.32478007 | -0.14083032 | -0.02976448 | -0.13649352 | 3.74 |
| 0.77085097 | 0.33823814 | -0.02326888 | -0.13931012 | 3.76 |
| 1.18530626 | 0.80293345 | -0.00785186 | -0.13254536 | 3.78 |
| 1.55162299 | 1.23469325 | 0.01585426 | -0.11648669 | 3.80 |
| 1.85523256 | 1.61630490 | 0.04688672 | -0.09179283 | 3.82 |
| 2.08410002 | 1.93259166 | 0.08399137 | -0.05946673 | 3.84 |
| 2.22920107 | 2.17101622 | 0.12567337 | -0.02081490 | 3.86 |
| 2.28487779 | 2.32217761 | 0.17025739 | 0.02260543 | 3.88 |
| 2.24905907 | 2.38018172 | 0.21595495 | 0.06904898 | 3.90 |
| 2.12333723 | 2.34287101 | 0.26093613 | 0.11665261 | 3.92 |
| 1.91289793 | 2.21190426 | 0.30340288 | 0.16351004 | 3.94 |
| 1.62630650 | 1.99268362 | 0.34166083 | 0.20774812 | 3.96 |
| 1.27515940 | 1.69413193 | 0.37418696 | 0.24760179 | 3.98 |
| 0.87361513 | 1.32832975 | 0.39969015 | 0.28148443 | 4.00 |
| 0.43782338 | 0.91002657 | 0.41716246 | 0.30805103 | 4.02 |
| -0.01472439 | 0.45604624 | 0.42591892 | 0.32625156 | 4.04 |
| -0.46589696 | -0.01538966 | 0.42562444 | 0.33537248 | 4.06 |
| -0.89764974 | -0.48539306 | 0.41630650 | 0.33506469 | 4.08 |
| -1.29274635 | -0.93516613 | 0.39835350 | 0.32535683 | 4.10 |
| -1.63544669 | -1.34675300 | 0.37249857 | 0.30665351 | 4.12 |
| -1.91213398 | -1.70375656 | 0.33978964 | 0.27971845 | 4.14 |
| -2.11185565 | -1.99199159 | 0.30154696 | 0.24564331 | 4.16 |
| -2.22675686 | -2.20004836 | 0.25930985 | 0.20580348 | 4.18 |
| -2.25238929 | -2.31974413 | 0.21477471 | 0.16180252 | 4.20 |
| -2.18788310 | -2.34644490 | 0.16972692 | 0.11540763 | 4.22 |
| -2.03597553 | -2.27924452 | 0.12596926 | 0.06847873 | 4.24 |
| -1.80289511 | -2.12099448 | 0.08524975 | 0.02289384 | 4.26 |
| -1.49810643 | -1.87818330 | 0.04919185 | -0.01952604 | 4.28 |
| -1.13392592 | -1.56067064 | 0.01922972 | -0.05708971 | 4.30 |
| -0.72502423 | -1.18128706 | -0.00344880 | -0.08830312 | 4.32 |
| -0.28783529 | -0.75531558 | -0.01794928 | -0.11192887 | 4.34 |
| 0.16010411 | -0.29987612 | -0.02370599 | -0.12703518 | 4.36 |
| 0.60085771 | 0.16676249 | -0.02050391 | -0.13303270 | 4.38 |
| 1.01680793 | 0.62591530 | -0.00848675 | -0.12969745 | 4.40 |
| 1.39136004 | 1.05922933 | 0.01184941 | -0.11717914 | 4.42 |
| 1.70960412 | 1.44941714 | 0.03967661 | -0.09599456 | 4.44 |
| 1.95890858 | 1.78094645 | 0.07386869 | -0.06700621 | 4.46 |
| 2.12942139 | 2.04065839 | 0.11304686 | -0.03138728 | 4.48 |
| 2.21445937 | 2.21828968 | 0.15563529 | 0.00942588 | 4.50 |
| 2.21076997 | 2.30687818 | 0.19992448 | 0.05379168 | 4.52 |
| 2.11865542 | 2.30303558 | 0.24413988 | 0.09992924 | 4.54 |
| 1.94195439 | 2.20707669 | 0.28651299 | 0.14598995 | 4.56 |
| 1.68788235 | 2.02300046 | 0.32535207 | 0.19013149 | 4.58 |
| 1.36673703 | 1.75832353 | 0.35910972 | 0.23059149 | 4.60 |
| 0.99148114 | 1.42377348 | 0.38644446 | 0.26575797 | 4.62 |
| 0.57721923 | 1.03285413 | 0.40627408 | 0.29423343 | 4.64 |
| 0.14058977 | 0.60130053 | 0.41781847 | 0.31489052 | 4.66 |
| -0.30090307 | 0.14644567 | 0.42063026 | 0.32691653 | 4.68 |
| -0.72959107 | -0.31347560 | 0.41461220 | 0.32984544 | 4.70 |
| -1.12834899 | -0.76005755 | 0.40002038 | 0.32357593 | 4.72 |
| -1.48127866 | -1.17546009 | 0.37745340 | 0.30837478 | 4.74 |
| -1.77434270 | -1.54312141 | 0.34782783 | 0.28486558 | 4.76 |
| -1.99592286 | -1.84841820 | 0.31234097 | 0.25400315 | 4.78 |
| -2.13728046 | -2.07924721 | 0.27242252 | 0.21703478 | 4.80 |
| -2.19290096 | -2.22650500 | 0.22967691 | 0.17544984 | 4.82 |
| -2.16070890 | -2.28444682 | 0.18581889 | 0.13091974 | 4.84 |
| -2.04214498 | -2.25091061 | 0.14260471 | 0.08523080 | 4.86 |
| -1.84210221 | -2.12739716 | 0.10176181 | 0.04021259 | 4.88 |
| -1.56872427 | -1.91900377 | 0.06491977 | -0.00233535 | 4.90 |
| -1.23307403 | -1.63421403 | 0.03354528 | -0.04071543 | 4.92 |
| -0.84868601 | -1.28455262 | 0.00888380 | -0.07339971 | 4.94 |
| -0.43102063 | -0.88411900 | -0.00808992 | -0.09909076 | 4.96 |
| 0.00315753 | -0.44901895 | -0.01671033 | -0.11677314 | 4.98 |
| 0.43645258 | 0.00328315 | -0.01664718 | -0.12575352 | 5.00 |
| 0.85153427 | 0.45466526 | -0.00791813 | -0.12568786 | 5.02 |
| 1.23183108 | 0.88707372 | 0.00911256 | -0.11659455 | 5.04 |
| 1.56219176 | 1.28324529 | 0.03374918 | -0.09885308 | 5.06 |
| 1.82948890 | 1.62739626 | 0.06499301 | -0.07318817 | 5.08 |
| 2.02314051 | 1.90585126 | 0.10158279 | -0.04064025 | 5.10 |
| 2.13552886 | 2.10758658 | 0.14204560 | -0.00252322 | 5.12 |
| 2.16230002 | 2.22466650 | 0.18475618 | 0.03962851 | 5.14 |
| 2.10253233 | 2.25255535 | 0.22800218 | 0.08412184 | 5.16 |
| 1.95876731 | 2.19029301 | 0.27005282 | 0.12917295 | 5.18 |
| 1.73690191 | 2.04052706 | 0.30922817 | 0.17297881 | 5.20 |
| 1.44594684 | 1.80940063 | 0.34396621 | 0.21378935 | 5.22 |
| 1.09766071 | 1.50630056 | 0.37288515 | 0.24997736 | 5.24 |
| 0.70607485 | 1.14347627 | 0.39483836 | 0.28010337 | 5.26 |
| 0.28692816 | 0.73554482 | 0.40895986 | 0.30297290 | 5.28 |
| -0.14296547 | 0.29890207 | 0.41469842 | 0.31768380 | 5.30 |
| -0.56639156 | -0.14893622 | 0.41183911 | 0.32366184 | 5.32 |
| -0.96642432 | -0.59003701 | 0.40051128 | 0.32068311 | 5.34 |
| -1.32710322 | -1.00676799 | 0.38118279 | 0.30888237 | 5.36 |
| -1.63406964 | -1.38250237 | 0.35464073 | 0.28874701 | 5.38 |
| -1.87513853 | -1.70228221 | 0.32195934 | 0.26109697 | 5.40 |
| -2.04078194 | -1.95341379 | 0.28445657 | 0.22705132 | 5.42 |
| -2.12450556 | -2.12597145 | 0.24364093 | 0.18798305 | 5.44 |
| -2.12310318 | -2.21318980 | 0.20115081 | 0.14546362 | 5.46 |
| -2.03677920 | -2.21172878 | 0.15868875 | 0.10119982 | 5.48 |
| -1.86913457 | -2.12180134 | 0.11795317 | 0.05696524 | 5.50 |
| -1.62701675 | -1.94715872 | 0.08057048 | 0.01452922 | 5.52 |
| -1.32024022 | -1.69493423 | 0.04803014 | -0.02441396 | 5.54 |
| -0.96118870 | -1.37535202 | 0.02162534 | -0.05831264 | 5.56 |
| -0.56431533 | -1.00131274 | 0.00240156 | -0.08581968 | 5.58 |
| -0.14556094 | -0.58787284 | -0.00888474 | -0.10584594 | 5.60 |
| 0.27828616 | -0.15163855 | -0.01179596 | -0.11760339 | 5.62 |
| 0.69026323 | 0.28990102 | -0.00623024 | -0.12063616 | 5.64 |
| 1.07391185 | 0.71907508 | 0.00757503 | -0.11483814 | 5.66 |
| 1.41393546 | 1.11873819 | 0.02905326 | -0.10045664 | 5.68 |
| 1.69680913 | 1.47295527 | 0.05733197 | -0.07808188 | 5.70 |
| 1.91131749 | 1.76763683 | 0.09126815 | -0.04862277 | 5.72 |
| 2.04899932 | 1.99109934 | 0.12949450 | -0.01327004 | 5.74 |
| 2.10448124 | 2.13452840 | 0.17047449 | 0.02655195 | 5.76 |
| 2.07568717 | 2.19232632 | 0.21256412 | 0.06924252 | 5.78 |
| 1.96391575 | 2.16233037 | 0.25407786 | 0.11308904 | 5.80 |
| 1.77378241 | 2.04589338 | 0.29335617 | 0.15633565 | 5.82 |
| 1.51302902 | 1.84782345 | 0.32883182 | 0.19725352 | 5.84 |
| 1.19220877 | 1.57618562 | 0.35909240 | 0.23420999 | 5.86 |
| 0.82425914 | 1.24197359 | 0.38293658 | 0.26573370 | 5.88 |
| 0.42398023 | 0.85866489 | 0.39942176 | 0.29057317 | 5.90 |
| 0.00743953 | 0.44167740 | 0.40790136 | 0.30774647 | 5.92 |
| -0.40867298 | 0.00774932 | 0.40805016 | 0.31658002 | 5.94 |
| -0.80771357 | -0.42573271 | 0.39987670 | 0.31673501 | 5.96 |
| -1.17375034 | -0.84143019 | 0.38372242 | 0.30822035 | 5.98 |
| -1.49219934 | -1.22274619 | 0.36024742 | 0.29139175 | 6.00 |
| -1.75040551 | -1.55448799 | 0.33040343 | 0.26693682 | 6.02 |
| -1.93814559 | -1.82347230 | 0.29539532 | 0.23584706 | 6.04 |
| -2.04803274 | -2.01904907 | 0.25663241 | 0.19937762 | 6.06 |
| -2.07580714 | -2.13352316 | 0.21567175 | 0.15899664 | 6.08 |
| -2.02050089 | -2.16245691 | 0.17415561 | 0.11632617 | 6.10 |
| -1.88447099 | -2.10484201 | 0.13374559 | 0.07307703 | 6.12 |
| -1.67329929 | -1.96313387 | 0.09605617 | 0.03098019 | 6.14 |
| -1.39556360 | -1.74314733 | 0.06259019 | -0.00828248 | 6.16 |
| -1.06248931 | -1.45381826 | 0.03467892 | -0.04314543 | 6.18 |
| -0.68749584 | -1.10684062 | 0.01342913 | -0.07222179 | 6.20 |
| -0.28565594 | -0.71619399 | -0.00032079 | -0.09435861 | 6.22 |
| 0.12690999 | -0.29758030 | -0.00603391 | -0.10868249 | 6.24 |
| 0.53368064 | 0.13220715 | -0.00349571 | -0.11463409 | 6.26 |
| 0.91839528 | 0.55595741 | 0.00717791 | -0.11198995 | 6.28 |
| 1.26570375 | 0.95673099 | 0.02554581 | -0.10087080 | 6.30 |
| 1.56177890 | 1.31853698 | 0.05085989 | -0.08173618 | 6.32 |
| 1.79486699 | 1.62697104 | 0.08209547 | -0.05536544 | 6.34 |
| 1.95575424 | 1.86978880 | 0.11799281 | -0.02282602 | 6.36 |
| 2.03813098 | 2.03739189 | 0.15710789 | 0.01456975 | 6.38 |
| 2.03883893 | 2.12320725 | 0.19787051 | 0.05531759 | 6.40 |
| 1.95799208 | 2.12394476 | 0.23864729 | 0.09778174 | 6.42 |
| 1.79896640 | 2.03972318 | 0.27780713 | 0.14026063 | 6.44 |
| 1.56825915 | 1.87405939 | 0.31378646 | 0.18105510 | 6.46 |
| 1.27522351 | 1.63372187 | 0.34515164 | 0.21853628 | 6.48 |
| 0.93168952 | 1.32845422 | 0.37065611 | 0.25121072 | 6.50 |
| 0.55148652 | 0.97058029 | 0.38928990 | 0.27777981 | 6.52 |
| 0.14988652 | 0.57450671 | 0.40031963 | 0.29719141 | 6.54 |
| -0.25700918 | 0.15614296 | 0.40331736 | 0.30868155 | 6.56 |
| -0.65291553 | -0.26773755 | 0.39817718 | 0.31180441 | 6.58 |
| -1.02201543 | -0.68016999 | 0.38511887 | 0.30644965 | 6.60 |
| -1.34959160 | -1.06467701 | 0.36467856 | 0.29284625 | 6.62 |
| -1.62261332 | -1.40592699 | 0.33768673 | 0.27155271 | 6.64 |
| -1.83025480 | -1.69034530 | 0.30523446 | 0.24343417 | 6.66 |
| -1.96432429 | -1.90665423 | 0.26862936 | 0.20962727 | 6.68 |
| -2.01958721 | -2.04632010 | 0.22934288 | 0.17149418 | 6.70 |
| -1.99397036 | -2.10388983 | 0.18895113 | 0.13056778 | 6.72 |
| -1.88863933 | -2.07720366 | 0.14907173 | 0.08848999 | 6.74 |
| -1.70794627 | -1.96747585 | 0.11129894 | 0.04694591 | 6.76 |
| -1.45925021 | -1.77924022 | 0.07714001 | 0.00759640 | 6.78 |
| -1.15261748 | -1.52016297 | 0.04795501 | -0.02798841 | 6.80 |
| -0.80041434 | -1.20073064 | 0.02490266 | -0.05839167 | 6.82 |
| -0.41680832 | -0.83382568 | 0.00889437 | -0.08240628 | 6.84 |
| -0.01719838 | -0.43420701 | 0.00055821 | -0.09908279 | 6.86 |
| 0.38240320 | -0.01791637 | 0.00021424 | -0.10776693 | 6.88 |
| 0.76601237 | 0.39836555 | 0.00786230 | -0.10812526 | 6.90 |
| 1.11831262 | 0.79798750 | 0.02318255 | -0.10015795 | 6.92 |
| 1.42526651 | 1.16499363 | 0.04554880 | -0.08419820 | 6.94 |
| 1.67467489 | 1.48476053 | 0.07405413 | -0.06089833 | 6.96 |
| 1.85666170 | 1.74457982 | 0.10754763 | -0.03120312 | 6.98 |
| 1.96406493 | 1.93416320 | 0.14468087 | 0.00368848 | 7.00 |
| 1.99271842 | 2.04604971 | 0.18396217 | 0.04237174 | 7.02 |
| 1.94161325 | 2.07589927 | 0.22381653 | 0.08329274 | 7.04 |
| 1.81293259 | 2.02266084 | 0.26264880 | 0.12481072 | 7.06 |
| 1.61195884 | 1.88860874 | 0.29890745 | 0.16526394 | 7.08 |
| 1.34685691 | 1.67924586 | 0.33114663 | 0.20303611 | 7.10 |
| 1.02834263 | 1.40307794 | 0.35808377 | 0.23662103 | 7.12 |
| 0.66924963 | 1.07126810 | 0.37865062 | 0.26468259 | 7.14 |
| 0.28401234 | 0.69718569 | 0.39203561 | 0.28610795 | 7.16 |
| -0.11191420 | 0.29586766 | 0.39771586 | 0.30005167 | 7.18 |
| -0.50267430 | -0.11658582 | 0.39547757 | 0.30596902 | 7.20 |
| -0.87264656 | -0.52365719 | 0.38542409 | 0.30363730 | 7.22 |
| -1.20706830 | -0.90907298 | 0.36797116 | 0.29316416 | 7.24 |
| -1.49262461 | -1.25745430 | 0.34382979 | 0.27498270 | 7.26 |
| -1.71797837 | -1.55493042 | 0.31397730 | 0.24983361 | 7.28 |
| -1.87422034 | -1.78969100 | 0.27961773 | 0.21873500 | 7.30 |
| -1.95522125 | -1.95245489 | 0.24213332 | 0.18294118 | 7.32 |
| -1.95787218 | -2.03683697 | 0.20302890 | 0.14389209 | 7.34 |
| -1.88220360 | -2.03959855 | 0.16387146 | 0.10315535 | 7.36 |
| -1.73137873 | -1.96077139 | 0.12622738 | 0.06236338 | 7.38 |
| -1.51156151 | -1.80365071 | 0.09159981 | 0.02314795 | 7.40 |
| -1.23166485 | -1.57465779 | 0.06136858 | -0.01292507 | 7.42 |
| -0.90298929 | -1.28307756 | 0.03673528 | -0.04441822 | 7.44 |
| -0.53876686 | -0.94068229 | 0.01867550 | -0.07007977 | 7.46 |
| -0.15362839 | -0.56125633 | 0.00790016 | -0.08889342 | 7.48 |
| 0.23698414 | -0.16004124 | 0.00482759 | -0.10011855 | 7.50 |
| 0.61743669 | 0.24687641 | 0.00956727 | -0.10331937 | 7.52 |
| 0.97252885 | 0.64320997 | 0.02191601 | -0.09838184 | 7.54 |
| 1.28810114 | 1.01312455 | 0.04136658 | -0.08551764 | 7.56 |
| 1.55159952 | 1.34186959 | 0.06712861 | -0.06525515 | 7.58 |
| 1.75257479 | 1.61636704 | 0.09816060 | -0.03841776 | 7.60 |
| 1.88309688 | 1.82573150 | 0.13321209 | -0.00609042 | 7.62 |
| 1.93806767 | 1.96170191 | 0.17087403 | 0.03042421 | 7.64 |
| 1.91541997 | 2.01896731 | 0.20963538 | 0.06965825 | 7.66 |
| 1.81619494 | 1.99537424 | 0.24794378 | 0.11003760 | 7.68 |
| 1.64449499 | 1.89200731 | 0.28426768 | 0.14994508 | 7.70 |
| 1.40731442 | 1.71314020 | 0.31715758 | 0.18778523 | 7.72 |
| 1.11425455 | 1.46605914 | 0.34530387 | 0.22204803 | 7.74 |
| 0.77713513 | 1.16076623 | 0.36758896 | 0.25136921 | 7.76 |
| 0.40951771 | 0.80957463 | 0.38313166 | 0.27458454 | 7.78 |
| 0.02616013 | 0.42661196 | 0.39132202 | 0.29077603 | 7.80 |
| -0.35757588 | 0.02725210 | 0.39184522 | 0.29930827 | 7.82 |
| -0.72634023 | -0.37250198 | 0.38469370 | 0.29985331 | 7.84 |
| -1.06540842 | -0.75665945 | 0.37016690 | 0.29240327 | 7.86 |
| -1.36126947 | -1.10988116 | 0.34885873 | 0.27727008 | 7.88 |
| -1.60216422 | -1.41809217 | 0.32163334 | 0.25507246 | 7.90 |
| -1.77855267 | -1.66904246 | 0.28959006 | 0.22671062 | 7.92 |
| -1.88349166 | -1.85279379 | 0.25401900 | 0.19332977 | 7.94 |
| -1.91290814 | -1.96211319 | 0.21634917 | 0.15627389 | 7.96 |
| -1.86575703 | -1.99275758 | 0.17809101 | 0.11703163 | 7.98 |
| -1.74405781 | -1.94363828 | 0.14077587 | 0.07717648 | 8.00 |
| -1.55280832 | -1.81685903 | 0.10589471 | 0.03830371 | 8.02 |
| -1.29977974 | -1.61762632 | 0.07483854 | 0.00196653 | 8.04 |
| -0.99520086 | -1.35403571 | 0.04884295 | -0.03038600 | 8.06 |
| -0.65134465 | -1.03674297 | 0.02893893 | -0.05746671 | 8.08 |
| -0.28203379 | -0.67853336 | 0.01591204 | -0.07820157 | 8.10 |
| 0.09791491 | -0.29380658 | 0.01027136 | -0.09177224 | 8.12 |
| 0.47328498 | 0.10200211 | 0.01222966 | -0.09764837 | 8.14 |
| 0.82906960 | 0.49304104 | 0.02169536 | -0.09560833 | 8.16 |
| 1.15107150 | 0.86367697 | 0.03827675 | -0.08574751 | 8.18 |
| 1.42646948 | 1.19912002 | 0.06129818 | -0.06847397 | 8.20 |
| 1.64432882 | 1.48601378 | 0.08982757 | -0.04449157 | 8.22 |
| 1.79603539 | 1.71296709 | 0.12271415 | -0.01477129 | 8.24 |
| 1.87563622 | 1.87100627 | 0.15863486 | 0.01948805 | 8.26 |
| 1.88007289 | 1.95392983 | 0.19614758 | 0.05690818 | 8.28 |
| 1.80929892 | 1.95855170 | 0.23374904 | 0.09598677 | 8.30 |
| 1.66627631 | 1.88482345 | 0.26993502 | 0.13515781 | 8.32 |
| 1.45685186 | 1.73583073 | 0.30326054 | 0.17285428 | 8.34 |
| 1.18951824 | 1.51766439 | 0.33239758 | 0.20757089 | 8.36 |
| 0.87506970 | 1.23917162 | 0.35618795 | 0.23792418 | 8.38 |
| 0.52616627 | 0.91159723 | 0.37368934 | 0.26270761 | 8.40 |
| 0.15682414 | 0.54812973 | 0.38421267 | 0.28093956 | 8.42 |
| -0.21814741 | 0.16337036 | 0.38734915 | 0.29190215 | 8.44 |
| -0.58373970 | -0.22725342 | 0.38298620 | 0.29516956 | 8.46 |
| -0.92534538 | -0.60810642 | 0.37131141 | 0.29062449 | 8.48 |
| -1.22934203 | -0.96397155 | 0.35280450 | 0.27846236 | 8.50 |
| -1.48363530 | -1.28065775 | 0.32821766 | 0.25918293 | 8.52 |
| -1.67814007 | -1.54556584 | 0.29854495 | 0.23356978 | 8.54 |
| -1.80518032 | -1.74818971 | 0.26498215 | 0.20265846 | 8.56 |
| -1.85979201 | -1.88053294 | 0.22887854 | 0.16769466 | 8.58 |
| -1.83991685 | -1.93742425 | 0.19168270 | 0.13008401 | 8.60 |
| -1.74647966 | -1.91671946 | 0.15488437 | 0.09133552 | 8.62 |
| -1.58334608 | -1.81938196 | 0.11995477 | 0.05300113 | 8.64 |
| -1.35716291 | -1.64943880 | 0.08828785 | 0.01661349 | 8.66 |
| -1.07708734 | -1.41381419 | 0.06114459 | -0.01637528 | 8.68 |
| -0.75441628 | -1.12204758 | 0.03960285 | -0.04465157 | 8.70 |
| -0.40213080 | -0.78590745 | 0.02451452 | -0.06709252 | 8.72 |
| -0.03437393 | -0.41891672 | 0.01647191 | -0.08281067 | 8.74 |
| 0.33411712 | -0.03580878 | 0.01578443 | -0.09118900 | 8.76 |
| 0.68860140 | 0.34806397 | 0.02246677 | -0.09190518 | 8.78 |
| 1.01492397 | 0.71734530 | 0.03623880 | -0.08494390 | 8.80 |
| 1.30008098 | 1.05728936 | 0.05653728 | -0.07059699 | 8.82 |
| 1.53273789 | 1.35434952 | 0.08253890 | -0.04945121 | 8.84 |
| 1.70367990 | 1.59671810 | 0.11319365 | -0.02236422 | 8.86 |
| 1.80617685 | 1.77479563 | 0.14726725 | 0.00957015 | 8.88 |
| 1.83624814 | 1.88157106 | 0.18339079 | 0.04506606 | 8.90 |
| 1.79281710 | 1.91289759 | 0.22011575 | 0.08269748 | 8.92 |
| 1.67774905 | 1.86765364 | 0.25597209 | 0.12095543 | 8.94 |
| 1.49577154 | 1.74778238 | 0.28952707 | 0.15830851 | 8.96 |
| 1.25428026 | 1.55820868 | 0.31944251 | 0.19326415 | 8.98 |
| 0.96303854 | 1.30663696 | 0.34452811 | 0.22442833 | 9.00 |
| 0.63378275 | 1.00323811 | 0.36378888 | 0.25056107 | 9.02 |
| 0.27974936 | 0.66023838 | 0.37646454 | 0.27062583 | 9.04 |
| -0.08485713 | 0.29142677 | 0.38205952 | 0.28383060 | 9.06 |
| -0.44543404 | -0.08839928 | 0.38036238 | 0.28965913 | 9.08 |
| -0.78756530 | -0.46402754 | 0.37145370 | 0.28789115 | 9.10 |
| -1.09759781 | -0.82044019 | 0.35570239 | 0.27861059 | 9.12 |
| -1.36318620 | -1.14341421 | 0.33375044 | 0.26220179 | 9.14 |
| -1.57378437 | -1.42008890 | 0.30648671 | 0.23933351 | 9.16 |
| -1.72106421 | -1.63947795 | 0.27501103 | 0.21093173 | 9.18 |
| -1.79924486 | -1.79290561 | 0.24058974 | 0.17814217 | 9.20 |
| -1.80531949 | -1.87434971 | 0.20460485 | 0.14228406 | 9.22 |
| -1.73917076 | -1.88067791 | 0.16849846 | 0.10479706 | 9.24 |
| -1.60357045 | -1.81176797 | 0.13371504 | 0.06718350 | 9.26 |
| -1.40406360 | -1.67050738 | 0.10164363 | 0.03094815 | 9.28 |
| -1.14874184 | -1.46267263 | 0.07356236 | -0.00246200 | 9.30 |
| -0.84791528 | -1.19669312 | 0.05058752 | -0.03171546 | 9.32 |
| -0.51369628 | -0.88330933 | 0.03362922 | -0.05564932 | 9.34 |
| -0.15951178 | -0.53513921 | 0.02335529 | -0.07331550 | 9.36 |
| 0.20043605 | -0.16617019 | 0.02016506 | -0.08401829 | 9.38 |
| 0.55173925 | 0.20880273 | 0.02417378 | -0.08734169 | 9.40 |
| 0.88036076 | 0.57477018 | 0.03520856 | -0.08316564 | 9.42 |
| 1.17319524 | 0.91710915 | 0.05281578 | -0.07167023 | 9.44 |
| 1.41859166 | 1.22216726 | 0.07627968 | -0.05332805 | 9.46 |
| 1.60681684 | 1.47780713 | 0.10465151 | -0.02888471 | 9.48 |
| 1.73044137 | 1.67388928 | 0.13678785 | 0.00067144 | 9.50 |
| 1.78463284 | 1.80267420 | 0.17139668 | 0.03414922 | 9.52 |
| 1.76734457 | 1.85912775 | 0.20708934 | 0.07020271 | 9.54 |
| 1.67939264 | 1.84111783 | 0.24243623 | 0.10738526 | 9.56 |
| 1.52441826 | 1.74949457 | 0.27602408 | 0.14420762 | 9.58 |
| 1.30873717 | 1.58805118 | 0.30651244 | 0.17919751 | 9.60 |
| 1.04108241 | 1.36336704 | 0.33268719 | 0.21095853 | 9.62 |
| 0.73225073 | 1.08453972 | 0.35350884 | 0.23822587 | 9.64 |
| 0.39466713 | 0.76281665 | 0.36815385 | 0.25991667 | 9.66 |
| 0.04188506 | 0.41114149 | 0.37604719 | 0.27517300 | 9.68 |
| -0.31195771 | 0.04363345 | 0.37688489 | 0.28339583 | 9.70 |
| -0.65270562 | -0.32497958 | 0.37064574 | 0.28426850 | 9.72 |
| -0.96675159 | -0.67995114 | 0.35759163 | 0.27776891 | 9.74 |
| -1.24158028 | -1.00710615 | 0.33825660 | 0.26416989 | 9.76 |
| -1.46626690 | -1.29340686 | 0.31342499 | 0.24402776 | 9.78 |
| -1.63191133 | -1.52747244 | 0.28409965 | 0.21815963 | 9.80 |
| -1.73199069 | -1.70003128 | 0.25146143 | 0.18761018 | 9.82 |
| -1.76261604 | -1.80428819 | 0.21682161 | 0.15360955 | 9.84 |
| -1.72268339 | -1.83619192 | 0.18156929 | 0.11752379 | 9.86 |
| -1.61391298 | -1.79459238 | 0.14711562 | 0.08079995 | 9.88 |
| -1.44077558 | -1.68128163 | 0.11483736 | 0.04490810 | 9.90 |
| -1.21030883 | -1.50091705 | 0.08602185 | 0.01128247 | 9.92 |
| -0.93183130 | -1.26083006 | 0.06181568 | -0.01873587 | 9.94 |
| -0.61656575 | -0.97072821 | 0.04317905 | -0.04395247 | 9.96 |
| -0.27718690 | -0.64230271 | 0.03084773 | -0.06336704 | 9.98 |
[0, 0, 0.02, 0.04, 0.06, 0.08, 0.1, 0.12000000000000001, 0.14, 0.16, 0.18, 0.19999999999999998, 0.21999999999999997, 0.23999999999999996, 0.25999999999999995, 0.27999999999999997, 0.3, 0.32, 0.34, 0.36000000000000004, 0.38000000000000006, 0.4000000000000001, 0.4200000000000001, 0.4400000000000001, 0.46000000000000013, 0.48000000000000015, 0.5000000000000001, 0.5200000000000001, 0.5400000000000001, 0.5600000000000002, 0.5800000000000002, 0.6000000000000002, 0.6200000000000002, 0.6400000000000002, 0.6600000000000003, 0.6800000000000003, 0.7000000000000003, 0.7200000000000003, 0.7400000000000003, 0.7600000000000003, 0.7800000000000004, 0.8000000000000004, 0.8200000000000004, 0.8400000000000004, 0.8600000000000004, 0.8800000000000004, 0.9000000000000005, 0.9200000000000005, 0.9400000000000005, 0.9600000000000005, 0.9800000000000005, 1.0000000000000004, 1.0200000000000005, 1.0400000000000005, 1.0600000000000005, 1.0800000000000005, 1.1000000000000005, 1.1200000000000006, 1.1400000000000006, 1.1600000000000006, 1.1800000000000006, 1.2000000000000006, 1.2200000000000006, 1.2400000000000007, 1.2600000000000007, 1.2800000000000007, 1.3000000000000007, 1.3200000000000007, 1.3400000000000007, 1.3600000000000008, 1.3800000000000008, 1.4000000000000008, 1.4200000000000008, 1.4400000000000008, 1.4600000000000009, 1.4800000000000009, 1.5000000000000009, 1.520000000000001, 1.540000000000001, 1.560000000000001, 1.580000000000001, 1.600000000000001, 1.620000000000001, 1.640000000000001, 1.660000000000001, 1.680000000000001, 1.700000000000001, 1.720000000000001, 1.740000000000001, 1.7600000000000011, 1.7800000000000011, 1.8000000000000012, 1.8200000000000012, 1.8400000000000012, 1.8600000000000012, 1.8800000000000012, 1.9000000000000012, 1.9200000000000013, 1.9400000000000013, 1.9600000000000013, 1.9800000000000013, 2.0000000000000013, 2.0200000000000014, 2.0400000000000014, 2.0600000000000014, 2.0800000000000014, 2.1000000000000014, 2.1200000000000014, 2.1400000000000015, 2.1600000000000015, 2.1800000000000015, 2.2000000000000015, 2.2200000000000015, 2.2400000000000015, 2.2600000000000016, 2.2800000000000016, 2.3000000000000016, 2.3200000000000016, 2.3400000000000016, 2.3600000000000017, 2.3800000000000017, 2.4000000000000017, 2.4200000000000017, 2.4400000000000017, 2.4600000000000017, 2.4800000000000018, 2.5000000000000018, 2.520000000000002, 2.540000000000002, 2.560000000000002, 2.580000000000002, 2.600000000000002, 2.620000000000002, 2.640000000000002, 2.660000000000002, 2.680000000000002, 2.700000000000002, 2.720000000000002, 2.740000000000002, 2.760000000000002, 2.780000000000002, 2.800000000000002, 2.820000000000002, 2.840000000000002, 2.860000000000002, 2.880000000000002, 2.900000000000002, 2.920000000000002, 2.940000000000002, 2.960000000000002, 2.980000000000002, 3.000000000000002, 3.0200000000000022, 3.0400000000000023, 3.0600000000000023, 3.0800000000000023, 3.1000000000000023, 3.1200000000000023, 3.1400000000000023, 3.1600000000000024, 3.1800000000000024, 3.2000000000000024, 3.2200000000000024, 3.2400000000000024, 3.2600000000000025, 3.2800000000000025, 3.3000000000000025, 3.3200000000000025, 3.3400000000000025, 3.3600000000000025, 3.3800000000000026, 3.4000000000000026, 3.4200000000000026, 3.4400000000000026, 3.4600000000000026, 3.4800000000000026, 3.5000000000000027, 3.5200000000000027, 3.5400000000000027, 3.5600000000000027, 3.5800000000000027, 3.6000000000000028, 3.6200000000000028, 3.640000000000003, 3.660000000000003, 3.680000000000003, 3.700000000000003, 3.720000000000003, 3.740000000000003, 3.760000000000003, 3.780000000000003, 3.800000000000003, 3.820000000000003, 3.840000000000003, 3.860000000000003, 3.880000000000003, 3.900000000000003, 3.920000000000003, 3.940000000000003, 3.960000000000003, 3.980000000000003, 4.000000000000003, 4.020000000000002, 4.040000000000002, 4.060000000000001, 4.080000000000001, 4.1000000000000005, 4.12, 4.14, 4.159999999999999, 4.179999999999999, 4.199999999999998, 4.219999999999998, 4.2399999999999975, 4.259999999999997, 4.279999999999997, 4.299999999999996, 4.319999999999996, 4.339999999999995, 4.359999999999995, 4.379999999999995, 4.399999999999994, 4.419999999999994, 4.439999999999993, 4.459999999999993, 4.479999999999992, 4.499999999999992, 4.519999999999992, 4.539999999999991, 4.559999999999991, 4.57999999999999, 4.59999999999999, 4.6199999999999894, 4.639999999999989, 4.659999999999989, 4.679999999999988, 4.699999999999988, 4.719999999999987, 4.739999999999987, 4.7599999999999865, 4.779999999999986, 4.799999999999986, 4.819999999999985, 4.839999999999985, 4.859999999999984, 4.879999999999984, 4.8999999999999835, 4.919999999999983, 4.939999999999983, 4.959999999999982, 4.979999999999982, 4.999999999999981, 5.019999999999981, 5.0399999999999805, 5.05999999999998, 5.07999999999998, 5.099999999999979, 5.119999999999979, 5.139999999999978, 5.159999999999978, 5.1799999999999775, 5.199999999999977, 5.219999999999977, 5.239999999999976, 5.259999999999976, 5.279999999999975, 5.299999999999975, 5.3199999999999745, 5.339999999999974, 5.359999999999974, 5.379999999999973, 5.399999999999973, 5.419999999999972, 5.439999999999972, 5.4599999999999715, 5.479999999999971, 5.499999999999971, 5.51999999999997, 5.53999999999997, 5.559999999999969, 5.579999999999969, 5.599999999999969, 5.619999999999968, 5.639999999999968, 5.659999999999967, 5.679999999999967, 5.699999999999966, 5.719999999999966, 5.739999999999966, 5.759999999999965, 5.779999999999965, 5.799999999999964, 5.819999999999964, 5.839999999999963, 5.859999999999963, 5.879999999999963, 5.899999999999962, 5.919999999999962, 5.939999999999961, 5.959999999999961, 5.9799999999999605, 5.99999999999996, 6.01999999999996, 6.039999999999959, 6.059999999999959, 6.079999999999958, 6.099999999999958, 6.1199999999999575, 6.139999999999957, 6.159999999999957, 6.179999999999956, 6.199999999999956, 6.219999999999955, 6.239999999999955, 6.2599999999999545, 6.279999999999954, 6.299999999999954, 6.319999999999953, 6.339999999999953, 6.359999999999952, 6.379999999999952, 6.3999999999999515, 6.419999999999951, 6.439999999999951, 6.45999999999995, 6.47999999999995, 6.499999999999949, 6.519999999999949, 6.5399999999999485, 6.559999999999948, 6.579999999999948, 6.599999999999947, 6.619999999999947, 6.639999999999946, 6.659999999999946, 6.6799999999999455, 6.699999999999945, 6.719999999999945, 6.739999999999944, 6.759999999999944, 6.779999999999943, 6.799999999999943, 6.8199999999999426, 6.839999999999942, 6.859999999999942, 6.879999999999941, 6.899999999999941, 6.91999999999994, 6.93999999999994, 6.95999999999994, 6.979999999999939, 6.999999999999939, 7.019999999999938, 7.039999999999938, 7.059999999999937, 7.079999999999937, 7.099999999999937, 7.119999999999936, 7.139999999999936, 7.159999999999935, 7.179999999999935, 7.1999999999999345, 7.219999999999934, 7.239999999999934, 7.259999999999933, 7.279999999999933, 7.299999999999932, 7.319999999999932, 7.3399999999999315, 7.359999999999931, 7.379999999999931, 7.39999999999993, 7.41999999999993, 7.439999999999929, 7.459999999999929, 7.4799999999999285, 7.499999999999928, 7.519999999999928, 7.539999999999927, 7.559999999999927, 7.579999999999926, 7.599999999999926, 7.6199999999999255, 7.639999999999925, 7.659999999999925, 7.679999999999924, 7.699999999999924, 7.719999999999923, 7.739999999999923, 7.7599999999999225, 7.779999999999922, 7.799999999999922, 7.819999999999921, 7.839999999999921, 7.85999999999992, 7.87999999999992, 7.8999999999999195, 7.919999999999919, 7.939999999999919, 7.959999999999918, 7.979999999999918, 7.999999999999917, 8.019999999999918, 8.039999999999917, 8.059999999999917, 8.079999999999917, 8.099999999999916, 8.119999999999916, 8.139999999999915, 8.159999999999915, 8.179999999999914, 8.199999999999914, 8.219999999999914, 8.239999999999913, 8.259999999999913, 8.279999999999912, 8.299999999999912, 8.319999999999911, 8.339999999999911, 8.35999999999991, 8.37999999999991, 8.39999999999991, 8.41999999999991, 8.439999999999909, 8.459999999999908, 8.479999999999908, 8.499999999999908, 8.519999999999907, 8.539999999999907, 8.559999999999906, 8.579999999999906, 8.599999999999905, 8.619999999999905, 8.639999999999905, 8.659999999999904, 8.679999999999904, 8.699999999999903, 8.719999999999903, 8.739999999999903, 8.759999999999902, 8.779999999999902, 8.799999999999901, 8.8199999999999, 8.8399999999999, 8.8599999999999, 8.8799999999999, 8.899999999999899, 8.919999999999899, 8.939999999999898, 8.959999999999898, 8.979999999999897, 8.999999999999897, 9.019999999999897, 9.039999999999896, 9.059999999999896, 9.079999999999895, 9.099999999999895, 9.119999999999894, 9.139999999999894, 9.159999999999894, 9.179999999999893, 9.199999999999893, 9.219999999999892, 9.239999999999892, 9.259999999999891, 9.279999999999891, 9.29999999999989, 9.31999999999989, 9.33999999999989, 9.35999999999989, 9.379999999999889, 9.399999999999888, 9.419999999999888, 9.439999999999888, 9.459999999999887, 9.479999999999887, 9.499999999999886, 9.519999999999886, 9.539999999999885, 9.559999999999885, 9.579999999999885, 9.599999999999884, 9.619999999999884, 9.639999999999883, 9.659999999999883, 9.679999999999882, 9.699999999999882, 9.719999999999882, 9.739999999999881, 9.75999999999988, 9.77999999999988, 9.79999999999988, 9.81999999999988, 9.839999999999879, 9.859999999999879, 9.879999999999878, 9.899999999999878, 9.919999999999877, 9.939999999999877, 9.959999999999877, 9.979999999999876]
